Food,Protein,TotalFat,SaturatedFat,Cholesterol,Iron,Sodium,Potassium,Magnesium,Phosphorus,VitaminA,VitaminD,VitaminB12,VitaminE,Riboflavin,Calcium,Thiamin,VitaminC,,,,
,g,g,g,mg,mg,mg,mg,mg,mg,RAE,µg,µg,mg,mg,mg,mg,mg,,,,
"Blade roast, lean + fat, braised",26,10,4,71,2.5,46,202,18,142,0,0.5,2.38,0.1,,,,,,,,
"Blade steak, lean + fat, braised",23,14,5.7,71,2.4,49,178,17,138,0,0.5,2,0.2,,,,,,,,
"Composite, roast, lean + fat, cooked",24,8,3.5,61,2.3,40,230,19,155,0,0.5,1.89,0.1, ,,,,,,,
"Composite, steak, lean + fat, cooked",25,9,3.9,64,2.4,40,200,18,148,0,0.5,1.78,0.1,,,,,,,,
"Cross rib roast, lean + fat, braised",27,9,3.6,70,2.6,52,242,21,164,0,0.5,1.89,0.6,,,,,,,,
"Eye of round roast, lean + fat, roasted",24,5,2.1,50,1.5,40,243,19,152,0,0.5,1.44,0.2,,,,,,,,
"Eye of round steak, lean + fat, braised",28,5,2.2,61,1.8,35,243,19,152,0,0.5,1.38,0.2,,,,,,,,
"Flank steak, lean + fat, braised",25,8,3.6,54,2.2,45,243,19,152,0,0.5,2.15,0.3,,,,,,,,
"Ground, extra lean, crumbled, pan-fried",23,8,3.2,59,2.1,65,311,22,180,0,0.3,2.06,,,,,,,,,
"Ground, lean, crumbled, pan-fried",22,11,4.5,59,2.1,70,293,21,174,0,0.5,2.16,,,,,,,,,
"Ground, medium, crumbled, pan-fried",22,13,5.6,61,2,68,303,21,173,0,0.6,1.88,,,,,,,,,
"Ground, regular, crumbled, pan-fried",22,17,7,63,2.2,78,301,21,178,0,0.8,2.72,,,,,,,,,
"Inside (top) round roast, lean + fat, roasted",24,3,1.4,53,2.1,48,253,20,163,0,0.5,1.68,0.1,,,,,,,,
"Inside (top) round steak, lean + fat, braised",30,5,2.1,68,2.4,38,204,20,157,0,0.5,1.43,0.4,,,,,,,,
"Outside (bottom) round roast, lean + fat, roasted",25,5,2.1,58,2.9,42,243,19,152,0,0.5,1.67,0.2,,,,,,,,
"Outside (bottom) round steak, lean + fat, braised",29,8,3,72,3.1,43,243,19,152,0,0.5,1.41,0.3,,,,,,,,
"Rib eye steak, lean + fat, broiled",20,16,6.7,53,2.4,40,243,19,152,0,0.5,1.54,0.8,,,,,,,,
"Rib steak, lean + fat, broiled",23,15,6.4,58,1.9,56,243,19,152,0,0.5,1.8,0.5,,,,,,,,
"Rump roast, lean + fat, broiled",21,8,3.2,59,1.9,47,296,20,180,0,0.3,2.27,,,,,,,,,
"Short ribs, lean + fat, simmered",17,26,11.2,57,1.4,29,146,10,86,0,1.7,1.97,,,,,,,,,
"Sirloin tip roast, lean + fat, roasted",25,5,2.2,58,2.7,44,243,19,152,0,0.5,1.85,0.1,,,,,,,,
"Standing rib roast, lean + fat, roasted",21,16,6.9,55,1.7,53,243,19,152,0,0.5,1.73,0.5,,,,,,,,
"Stewing beef, lean, simmered",28,7,2.9,68,2.6,45,214,19,150,0,0.5,1.8,0.2,,,,,,,,
"Strip loin (New York) steak, lean + fat, broiled",23,10,4.3,55,2.1,43,243,19,152,0,0.5,1.72,0.3,,,,,,,,
"T-Bone (Porterhouse) steak, lean + fat, broiled",22,13,5.6,54,2.1,51,243,19,152,0,0.5,1.89,0.1,,,,,,,,
"Tenderloin, steak, lean + fat, broiled",24,7,3.2,59,2.9,50,243,19,152,0,0.5,2.04,0.2,,,,,,,,
"Top sirloin steak, lean + fat, broiled",21,6,2.6,52,2,43,257,20,160,0,0.5,2.33,0.2,,,,,,,,
"Composite cuts, lean and fat, cooked",23,9,3.2,86,0.9,65,244,20,179,0,1.1,1.18,0.3,,,,,,,,
"Cutlets, grain-fed, pan-fried",27,2,0.7,78,1.5,33,266,21,171,0,0.5,2.46,0.3,,,,,,,,
"Cutlets, milk-fed, pan-fried",28,2,0.6,78,0.5,58,332,16,218,0,0.5,1.27,0.3,,,,,,,,
"Ground, broiled",18,6,2.3,77,0.7,62,253,18,163,0,0.8,0.95,0.1,,,,,,,,
"Leg, lean and fat, breaded, pan-fried",20,7,2.3,84,1.2,341,278,23,188,8,0.9,0.93,0.4,,,,,,,,
"Leg, lean and fat, roasted",21,3,1.4,77,0.7,51,292,21,176,0,0.5,0.88,0.4,,,,,,,,
"Loin, lean and fat, roasted",19,9,3.9,77,0.7,70,244,19,159,0,1.3,0.93,0.3,,,,,,,,
"Shoulder, whole, lean and fat, roasted",23,5,2.2,65,0.7,56,266,17,140,0,0.7,2.5,0.4,,,,,,,,
"Stewing meat, lean, braised",26,3,1,109,1.1,70,257,21,179,0,0.7,1.25,0.3,,,,,,,,
"Back ribs, lean + fat, roasted",21,20,7.9,85,0.9,100,251,18,147,2,0.8,0.83,,,,,,,,,
"Centre cut, loin, chop, lean + fat, broiled",22,10,3.6,62,0.6,44,269,19,174,2,0.4,0.55,0.1,,,,,,,,
"Centre cut, loin, chop, lean + fat, pan-fried",22,12,4.5,69,0.7,60,319,22,194,2,0.5,0.55,0.2,,,,,,,,
"Ground, lean, pan-fried",19,11,4.1,60,0.9,60,278,20,166,2,0.5,0.8,0.2,,,,,,,,
"Ground, medium, pan-fried",18,16,6,66,0.8,68,275,19,164,2,0.5,0.86,0.2,,,,,,,,
"Leg, butt end, lean + fat, roasted",23,3,1.2,62,0.8,51,293,23,198,2,0.2,0.47,0.1,,,,,,,,
"Loin, rib end, lean + fat, broiled",22,12,4.3,62,0.6,47,301,20,178,2,0.4,0.55,0.3,,,,,,,,
"Loin, rib end, lean + fat, pan-fried",20,13,4.8,55,0.5,38,323,19,177,2,0.5,0.53,0.2,,,,,,,,
"Shoulder, butt, lean + fat, roasted",19,13,5,67,1.1,50,245,18,153,2,0.6,0.92,0.2,,,,,,,,
"Shoulder, whole, lean + fat, roasted",17,16,5.9,68,1,51,247,14,159,2,0.5,0.6,0.1,,,,,,,,
"Spareribs, lean + fat, braised",20,18,7,74,1.1,49,118,14,107,2,0.6,0.68,,,,,,,,,
"Tenderloin, lean,  roasted",21,2,0.8,52,1,44,302,23,184,2,0.1,0.41,0.2,,,,,,,,
"American, fresh, foreshank, lean + fat, cooked",21,10,4.2,80,1.6,54,193,17,125,0,0.2,1.71,0.1,,,,,,,,
"American, fresh, ground, cooked",19,15,6.1,73,1.3,61,254,18,151,0,0.6,1.96,0.1,,,,,,,,
"American, fresh, leg, whole, lean + fat, cooked",19,12,5.2,70,1.5,50,235,18,143,0,0.5,1.94,0.1,,,,,,,,
"American, fresh, loin, lean + fat, cooked",17,18,7.7,71,1.6,48,185,17,135,0,0.5,1.66,0.1,,,,,,,,
"American, fresh, rib, lean + fat, cooked",16,22,9.6,73,1.2,55,203,15,125,0,0.5,1.67,0.1,,,,,,,,
"American, fresh, shoulder, whole, lean+ fat, cooked",17,15,6.3,69,1.5,50,188,17,138,0,0.5,1.98,0.1,,,,,,,,
"New Zealand, frozen, composite, lean + fat, cooked",19,13,6.6,80,1.6,35,121,14,158,0,0.5,2.03,0.1,,,,,,,,
"New Zealand, frozen, foreshank, lean + fat, braised",20,12,5.9,77,1.6,35,89,11,131,0,0.3,1.83,0.1,,,,,,,, 
"New Zealand, frozen, leg, whole, lean + fat, roasted",19,10,5.1,76,1.6,33,128,15,166,0,0.5,1.96,0.1,,,,,,,,
"New Zealand, frozen, loin, lean + fat, broiled",18,16,7.9,85,1.6,38,123,15,160,0,0.5,1.91,0.1,,,,,,,,
"New Zealand, frozen, rib, lean + fat, roasted",15,19,9.6,74,1.3,33,96,11,130,0,0.4,1.74,0.1,,,,,,,,
"New Zealand, frozen, shoulder, whole, lean + fat, braised",22,18,8.6,92,1.6,39,113,14,150,0,0.4,2.6,0.2,,,,,,,,
"Chicken, broiler, breast, meat and skin, roasted",19,7,1.8,63,0.4,45,241,20,,20,0.2,0.24,0.2,,,,,,,,
"Chicken, broiler, breast, meat, roasted",25,2,0.4,64,0.4,56,301,22,,5,0.2,0.26,0.2,,,,,,,,
"Chicken, broiler, drumstick, meat and skin, roasted",16,10,2.8,68,1,68,172,17,131,23,0.2,0.24,0.2,,,,,,,,
"Chicken, broiler, drumstick, meat, roasted",19,5,1.4,70,1,71,185,18,,14,0.2,0.26,0.2,,,,,,,,
"Chicken, broiler, flesh and skin, roasted",20,10,2.8,66,0.9,62,167,17,137,35,0.2,0.23,0.2,,,,,,,,
"Chicken, broiler, flesh, roasted",22,6,1.5,67,0.9,65,182,19,146,12,0.2,0.25,0.2,,,,,,,,
"Chicken, broiler, thigh, meat and skin, roasted",15,14,3.8,70,1,63,167,17,131,36,0.2,0.22,0.2,,,,,,,,
"Chicken, broiler, thigh, meat, roasted",19,5,1.5,71,1,66,179,18,,15,0.1,0.23,0.2,,,,,,,,
"Chicken, broiler, wing, meat and skin,  roasted",20,15,4.1,63,1,62,138,14,113,35,0.5,0.22,0.2,,,,,,,,
"Chicken, cornish game hens, flesh and skin, roasted",17,14,3.8,98,0.7,48,184,14,110,24,0.3,0.21,0.3,,,,,,,,
"Chicken, ground, lean, cooked",16,9,,59,1.2,51,212,,,9,0.2,,,,,,,,,,
"Duck, domesticated, roasted",14,21,7.3,63,2,44,153,12,117,47,4.1,0.23,0.5,,,,,,,,
"Duck, wild, cooked",23,3,1,,7.4,40,197,23,187,12,,,,,,,,,,,
"Goose, domesticated, flesh, roasted",22,10,3.4,72,2.2,57,291,19,232,9,0.1,0.37,,,,,,,,,
"Goose, wild (Canada goose), flesh, roasted",23,6,0.7,72,7.4,57,291,19,232,9,0.1,0.37,,,,,,,,,
"Ptarmigan, flesh cooked",23,2,,,6.5,37,247,27,190,,,,,,,,,,,,
"Spruce grouse, flesh, cooked",20,2,,,3.3,38,204,25,152,,,,,,,,,,,,
"Turkey, dark meat and skin, roasted",17,9,2,82,1.7,60,207,17,148,0,0.5,0.28,,,,,,,,,
"Turkey, dark meat, roasted",19,6,1.6,82,1.7,62,220,17,154,0,0.2,0.29,,,,,,,,,
"Turkey, ground, cooked",21,10,2.5,77,1.4,80,203,18,147,0,0.8,0.25,0.3,,,,,,,,
"Turkey, light meat and skin, roasted",21,4,0.9,58,1.1,50,215,20,157,0,0.2,0.27,,,,,,,,,
"Turkey, light meat, roasted",21,2,0.7,55,1,51,231,21,165,0,0.2,0.29,,,,,,,,,
"Bear, simmered",24,10,2.7,74,8,53,197,17,128,14,,1.85,0.4,,,,,,,,
"Beaver, roasted",20,1,1.6,88,3.6,68,255,17,135,,,6.23,0.3,,,,,,,,
"Bison, roasted",21,2,0.7,62,2.6,43,271,20,157,0,,2.15,0.3,,,,,,,,
"Caribou (reindeer), roasted",24,2,1.9,82,4.2,35,268,23,168,4,0.2,4.98,0.3,,,,,,,,
"Deer (venison), roasted",23,2,0.9,84,3.4,41,251,18,170,0,,,,,,,,,,,
"Emu, inside drum, broiled",24,2,0.5,68,5.5,89,234,25,230,2,,1.8,0.2,,,,,,,,
"Goat, roasted",20,2,0.7,56,2.8,65,304,0,151,0,,0.89,0.3,,,,,,,,
"Horsemeat, roasted",21,5,1.4,51,3.8,41,284,19,185,0,,2.37,,,,,,,,,
"Moose, roasted",26,1,0.2,59,3.8,38,375,23,188,0,,4.73,0.2,,,,,,,,
"Narwhal skin (muktuk), raw",20,4,0.6,,0.3,91,332,14,146,126,,,,,,,,,,,
"Ostrich, inside strip, cooked",22,3,1.3,73,3.6,55,275,20,190,0,,4.83,0.2,,,,,,,,
"Rabbit, composite cuts, roasted",22,6,1.8,62,1.7,35,287,16,197,0,0.1,6.23,,,,,,,,,
"Seal meat, boiled",26,2,0.8,133,17.6,33,212,20,139,11,,,,,,,,,,,
"Heart, beef, simmered",21,4,1.1,159,4.8,44,164,16,191,0,1.3,8.1,0.2,,,,,,,,
"Kidney, beef simmered",20,3,0.8,537,4.4,71,101,9,228,0,1.3,18.68,0.1,,,,,,,,
"Liver, beef, pan-fried",20,4,1.1,286,4.6,58,263,17,364,5808,0.5,62.35,0.4,,,,,,,,
"Liver, chicken, pan-fried",19,5,1.5,423,9.7,69,236,20,332,3972,,15.85,0.6,,,,,,,,
"Liver, veal, pan-fried",21,5,1.6,364,4.5,64,265,17,362,15056,0.2,54.38,0.5,,,,,,,,
"Thymus, veal, braised",17,2,0.7,263,0.9,44,326,18,470,0,,2.14,0.1,,,,,,,,
"Tongue, beef, canned or pickled",14,15,7.5,71,1.6,55,148,11,137,0,,,0.3,,,,,,,,
"Back bacon, grilled",11,4,1.3,27,0.4,727,183,10,139,0,0.1,0.37,0.2,,,,,,,,
"Bacon, pork, broiled, pan-fried or roasted",9,10,3.3,26,0.3,554,136,8,128,3,0.4,0.3,,,,,,,,,
"Bacon, pork, broiled, pan-fried or roasted, reduced sodium",9,10,3.3,26,0.3,247,136,8,128,3,0.1,0.3,0.1,,,,,,,,
"Bologna (baloney), beef and pork",7,13,4.7,31,0.8,549,132,6,51,14,0.6,0.74,0.2,,,,,,,,
"Bologna (baloney), beef and pork, light",6,11,4.1,22,0.4,620,87,7,101,0,0.4,0.73,0.1,,,,,,,,
"Bologna (baloney), chicken",7,9,3,55,0.9,492,111,8,73,0,0.3,0.15,,,,,,,,,
"Chicken, canned, flaked",9,5,1.5,32,0.8,374,135,6,58,18,0.2,0.15,,,,,,,,,
"Corned beef, brisket, cooked",11,6,2,55,1,653,112,7,70,0,0.2,0.91,0.1,,,,,,,,
"Cottage roll, pork, lean and fat, roasted",9,3,1,38,0.5,642,152,7,87,0,0.1,0.59,0.2,,,,,,,,
Creton,5,19,8.3,36,0.3,129,96,6,56,1,0.3,0.19,0.1,,,,,,,,
"Deli meat, beef, thin sliced",11,4,1.6,39,1.2,791,240,11,94,0,0,1.44,0.1,,,,,,,,
"Deli meat, chicken breast roll",8,4,1.4,22,0.2,494,181,10,68,0,0.3,0.13,,,,,,,,,
"Deli meat, chicken breast, low fat",10,,0.1,25,0.7,696,177,20,143,0,0,,,,,,,,,,
"Deli meat, ham, extra lean (5% fat)",10,2,0.5,27,0.4,619,196,10,122,0,0.1,0.42,0.2,,,,,,,,
"Deli meat, ham, regular (11% fat)",9,5,1.6,32,0.6,730,161,12,86,0,0.1,0.24,,,,,,,,,
"Deli meat, mock chicken, loaved",7,12,7.4,33,,536,129,,,0,0.4,,0.1,,,,,,,,
"Deli meat, turkey breast",8,2,0.1,31,1.2,672,195,11,88,0,0,0.12,0.1,,,,,,,,
"Ham, extra lean, canned",9,2,0.8,21,0.5,638,151,10,125,0,0.1,0.46,0.1,,,,,,,,
"Ham, flaked, canned",6,3,0.9,16,0.3,367,87,5,49,0,0.1,0.24,0.1,,,,,,,,
"Ham, lean and regular, roasted",16,6,2,43,1.1,1039,272,14,186,0,0.2,0.51,0.2,,,,,,,,
"Ham, lean, canned",10,4,1.4,21,0.5,715,187,9,116,0,0.2,0.45,0.1,,,,,,,,
"Ham, whole, lean, roasted",19,4,1.4,41,0.7,995,237,17,170,0,0.2,0.53,0.2,,,,,,,,
"Kielbasa (Kolbassa), pork and beef",9,9,3.1,38,0.8,520,155,9,83,0,0,0.9,0.1,,,,,,,,
"Liver sausage (liverwurst), pork",4,8,3,43,1.7,191,41,3,62,2248,0.2,3.64,0.1,,,,,,,,
"Pastrami, beef",10,3,1.3,52,1.1,694,121,10,84,0,0.2,0.99,,,,,,,,,
"Pate, liver, canned",4,7,2.5,67,1.4,184,36,3,53,261,0.2,0.84,,,,,,,,,
"Pepperoni, pork, beef",11,22,8.7,64,0.8,966,170,10,95,0,0,0.85,,,,,,,,,
"Salami, beef and pork",6,9,3.7,30,1.2,490,105,7,53,0,0.2,1.68,0.1,,,,,,,,
"Salami, pork and beef, dry or hard",12,15,5.1,40,0.8,900,194,9,71,0,0.4,0.95,0.1,,,,,,,,
"Salami, pork and beef, reduced salt",7,14,4.9,41,0.7,287,631,14,125,,0.4,0.81,0.1,,,,,,,,
"Sausage, Bratwurst, pork, cooked",11,14,5.2,45,1,418,159,11,112,0,1,0.71,0,,,,,,,,
"Sausage, Italian, pork, cooked",14,20,7.2,43,1.1,905,228,14,128,8,1,0.98,0.2,,,,,,,,
"Sausage, pork and beef, cooked",2,5,1.7,9,0.1,105,25,2,14,0,0.1,0.06,,,,,,,,,
"Sausage, pork, cooked",2,3,0.9,11,0.2,102,28,2,24,2,0.1,0.22,0.1,,,,,,,,
"Sausage, turkey, cooked",2,2,1,8,0,76,26,3,24,0,,0.06,,,,,,,,,
"Summer sausage, beef",9,17,6.7,42,1.4,696,152,8,62,0,0.5,3.08,,,,,,,,,
"Turkey, canned, flaked",6,3,0.8,23,0.6,229,92,7,55,0,0.2,0.1,,,,,,,,,
"Vienna sausage (cocktail), beef and pork, canned",5,9,3.4,42,0.4,465,48,3,24,0,0.4,0.49,0.1,,,,,,,,
"Wiener (frankfurter), beef",5,8,3.3,23,0.6,343,54,5,60,0,0.3,0.65,0.1,,,,,,,,
"Wiener (frankfurter), beef and pork",5,9,3.4,19,0.4,374,69,4,32,0,0.3,0.49,0.1,,,,,,,,
"Wiener (frankfurter), beef and pork, light",4,4,1.4,17,0.5,471,56,4,53,0,0.1,0.49,,,,,,,,,
"Wiener (frankfurter), chicken",4,7,2.1,38,0.8,514,32,4,40,14,0.2,0.09,0.1,,,,,,,,
Buttermilk,9,2,1.4,10,0.1,272,391,28,230,18,0.2,0.57,,0.4,300,,,,,,
"Milk, chocolate, 1% M.F.",9,3,1.6,8,0.6,161,449,34,272,153,2.6,0.9,,0.44,304,,,,,,
"Milk, chocolate, 2% M.F.",8,5,3.3,18,0.6,158,446,34,269,145,2.6,0.9,,0.43,301,,,,,,
"Milk, partly skimmed, 1% M.F.",9,3,1.6,13,0.1,113,387,28,245,150,2.6,1.13,,0.48,307,,,,,,
"Milk, partly skimmed, 2% M.F.",9,5,3.3,21,0.1,106,387,28,242,142,2.8,1.19,,0.48,302,,,,,,
"Milk, partly skimmed, 2% M.F., with added milk solids",10,5,3.2,21,0.2,153,473,42,291,143,2.6,1.12,,0.5,372,,,,,,
"Milk, skim",9,,0.2,5,0.1,109,404,28,261,158,2.7,1.37,,0.47,324,,,,,,
"Milk, whole, 3.3% M.F.",8,8,5.4,26,0.1,103,369,26,235,72,2.7,1.13,,0.47,291,,,,,,
"Rice beverage, flavoured and unflavoured, enriched",,2,0.2,0,0.2,91,72,10,36,52,2.2,1.03,,0.03,319,,,,,,
"Soy beverage, chocolate, enriched",6,4,0.6,0,1.2,136,367,38,131,180,2.6,1.8,,0.67,323,,,,,,
"Soy beverage, original and vanilla, enriched",7,4,0.5,0,1.1,120,313,38,110,142,2.7,2.19,,0.47,316,,,,,,
"Soy beverage, unsweetened, enriched",7,4,0.5,0,1.2,95,308,41,82,160,3.1,2.85,,0.53,318,,,,,,
"Milk, condensed, sweetened, canned (Eagle BrandTM)",2,2,1.1,7,,25,72,5,49,14,,0.09,,0.08,55,,,,,,
"Milk, evaporated, partly skimmed, canned, diluted, 2% M.F.",10,3,1.6,10,0.3,149,422,35,264,104,2.9,0.28,,0.41,369,,,,,,
"Milk, evaporated, partly skimmed, canned, undiluted, 2% M.F.",1,,0.2,1,,18,51,4,32,12,0.3,0.03,,0.05,44,,,,,,
"Milk, evaporated, skim, canned, diluted, 0.2% M.F.",10,,0.2,5,0.4,157,446,38,262,159,2.9,0.32,,0.42,392,,,,,,
"Milk, evaporated, skim, canned, undiluted, 0.2% M.F.",1,,,1,,19,54,4,32,19,0.4,0.04,,0.05,47,,,,,,
"Milk, evaporated, whole, canned, diluted, 7.8% M.F.",9,10,6.3,39,0.3,143,403,33,270,86,2.9,0.21,,0.42,349,,,,,,
"Milk, evaporated, whole, canned, undiluted, 7.8% M.F.",1,1,0.8,5,,17,48,4,32,10,0.3,0.03,,0.05,42,,,,,,
"Milk, reconstituted, from skim milk powder",8,,0.1,4,0.1,137,410,30,237,170,2.6,0.96,,0.42,301,,,,,,
Skim milk powder,1,,,,,8,25,2,14,10,0.2,0.06,,0.03,18,,,,,,
"Chocolate milk, chocolate flavour powder + 2% milk",9,6,3.4,20,0.8,176,531,59,274,143,2.8,0.92,,0.46,321,,,,,,
"Chocolate milk, syrup + 2% milk",10,5,3.3,21,1,158,489,60,298,146,2.8,0.95,,0.45,319,,,,,,
"Eggnog, 7% M.F.",10,20,11.9,158,0.5,145,443,51,293,121,1.1,1.21,,0.51,349,,,,,,
"Hot chocolate, aspartame sweetened, powder + water",3,1,0,0,1.1,240,569,46,189,38,,0.35,,0.29,127,,,,,,
"Hot chocolate, homemade with cocoa + 2% milk",9,6,3.8,21,1.3,116,520,61,277,135,2.6,1.11,,0.48,277,,,,,,
"Hot chocolate, powder + 2% milk",10,6,3.8,20,0.5,272,595,55,327,126,2.5,1.52,,0.62,318,,,,,,
"Hot chocolate, powder + water",2,2,0.9,3,0.5,206,285,35,125,0,,0.52,,0.23,64,,,,,,
Instant breakfast powder + 2% milk,16,5,3.1,24,3.9,286,811,61,459,444,2.6,2.21,,1.41,555,,,,,,
"Milk shake, chocolate",8,7,4.2,27,0.8,276,558,40,314,45,1,0.8,,0.55,329,,,,,,
"Milk shake, vanilla",10,8,4.7,30,0.2,237,456,30,286,62,0.5,1.3,,0.49,364,,,,,,
Drinkable yogourt,5,3,2.1,12,0.2,81,257,23,157,,0.2,0.58,,0.23,191,,,,,,
"Fresh cheese (DanimalTM, MinigoTM)",3,2,1.1,6,0.1,32,84,7,50,,,,,,138,,,,,,
"Kefir, plain",6,6,3.8,25,0.1,70,250,19,148,58,0.2,0.33,,0.3,187,,,,,,
Yogourt parfait with berries and granola,7,5,2.7,14,2.2,119,337,36,201,23,0,0.59,,0.31,208,,,,,,
"Yogourt, plain, 1-2% M.F.",10,3,1.8,11,0.1,127,424,31,261,25,,1.01,,0.39,332,,,,,,
"Yogourt, plain, 2-4% M.F.",9,5,3.3,17,0.1,111,412,28,246,31,,1.03,,0.42,292,,,,,,
"Yogourt, plain, fat-free",8,,0,6,0.1,113,368,26,215,,1.8,0.89,,0.32,253,,,,,,
"Yogourt, vanilla or fruit, 1-2% M.F.",7,4,2.3,17,0.1,98,335,20,167,,,0.31,,0.15,227,,,,,,
"Yogourt, vanilla or fruit, fat-free",8,,,4,0.2,103,349,20,163,,,0.59,,,229,,,,,,
"Yogourt, vanilla or fruit, fat-free with sugar substitute",7,,0,6,0.2,92,311,22,179,,1.4,0.72,,0.27,205,,,,,,
Blue cheese,11,14,9.3,38,0.2,698,128,12,194,99,0.2,0.61,,0.19,264,,,,,,
Brie,10,14,8.7,50,0.3,315,76,10,94,87,0.2,0.83,,0.26,92,,,,,,
Camembert,10,12,7.6,36,0.2,421,94,10,174,121,0.2,0.65,,0.24,194,,,,,,
Cheddar cheese,12,17,10.5,53,0.3,311,49,14,256,133,0.1,0.42,,0.19,361,,,,,,
"Cheddar, low fat (18% M.F.)",14,9,5.8,28,0.1,363,47,18,292,75,,0.83,,0.15,453,,,,,,
Cottage cheese (1% M.F.),15,1,0.8,5,0.2,500,103,6,160,13,,0.75,,0.2,73,,,,,,
"Cream cheese, light",3,5,3.4,17,0.5,90,51,2,44,56,,0.18,,0.09,34,,,,,,
"Cream cheese, regular",2,10,6.5,32,0.4,87,35,2,31,108,,0.12,,0.06,24,,,,,,
Edam,12,14,8.8,45,0.2,483,94,15,268,122,0.5,0.77,,0.19,366,,,,,,
Feta,7,11,7.7,46,0.3,558,31,10,169,63,0.2,0.87,,0.44,247,,,,,,
"Goat cheese, soft",9,11,7.3,23,1,184,13,8,128,144,0.2,0.1,,0.19,70,,,,,,
Gouda,13,14,9,58,0.1,410,61,15,273,83,0.2,0.78,,0.17,350,,,,,,
Gruyere,15,16,9.5,55,0.1,168,41,18,303,136,0.2,0.8,,0.14,506,,,,,,
Imitation cheese,8,7,4.4,18,0.2,673,121,15,356,57,0,0.2,,0.22,281,,,,,,
Mozzarella (22.5% M.F.),10,11,6.8,39,0.1,187,34,10,186,90,0.1,0.33,,0.13,269,,,,,,
"Mozzarella, partially skimmed (16.5% M.F.)",13,8,5.2,29,0.1,241,42,12,239,64,0.1,0.41,,0.16,323,,,,,,
"Parmesan, grated",2,2,1.1,6,0.1,97,8,2,46,8,,0.14,,0.03,70,,,,,,
"Processed cheese food, thin slices",5,7,4.1,20,,310,35,6,107,53,,0.15,,0.07,115,,,,,,
"Processed cheese food, thin slices, light",4,3,1.8,11,,331,69,7,173,53,,0.23,,0.1,110,,,,,,
Processed cheese spread (Cheez WhizTM),5,7,4.1,17,0.1,503,75,9,271,,0.1,0.12,,0.13,174,,,,,,
"Processed cheese spread, light (Light Cheez WhizTM)",6,3,2.2,13,,491,107,9,317,91,,,,0.2,178,,,,,,
"Ricotta cheese, partly skimmed milk",15,10,6.5,41,0.6,164,164,20,240,140,,0.38,,0.24,356,,,,,,
"Romano, grated",2,2,1.1,7,,76,5,3,48,6,,0.07,,0.02,67,,,,,,
Swiss (Emmental),13,14,8.9,46,0.1,96,39,19,284,110,0.6,1.67,,0.15,396,,,,,,
"Swiss, processed, thin slices",5,5,3.3,18,0.1,285,45,6,159,41,0.2,0.26,,0.06,161,,,,,,
"Half and half, 10% M.F.",,2,1,5,,6,20,2,15,15,,0.05,,0.02,16,,,,,,
"Sour cream, 14% M.F.",,2,1.3,6,,6,19,1,14,17,0.1,0.04,,0.02,16,,,,,,
"Sour cream, light, 5% M.F.",1,2,1,6,,11,33,2,11,14,,0.07,,0.02,22,,,,,,
"Table cream (coffee cream), 18% M.F.",,3,1.7,9,,6,19,1,13,25,0.1,0.04,,0.02,15,,,,,,
"Whipped, pressurized",,3,2.1,12,,20,22,2,14,29,0.1,0.04,,0.01,15,,,,,,
"Whipping cream, 35% M.F., not whipped",,5,3.3,19,,5,12,1,9,62,0.1,0.03,,0.02,10,,,,,,
"Whipping cream, 35% M.F., sweetened, whipped",1,10,6.2,36,,10,23,2,17,117,0.2,0.05,,0.03,19,,,,,,
"Coffee whitener, frozen liquid",,2,0.3,0,,12,29,0,10,,0,0,,0,1,,,,,,
"Coffee whitener, powdered",,1,0.6,0,,4,16,,8,,0,0,,,,,,,,,
"Coffee whitener, powdered, light",,,0.1,0,,5,18,0,3,,0,0,,0,,,,,,,
"Dessert topping, frozen",,5,4.1,0,,5,3,,2,1,0,0,,0,1,,,,,,
"Dessert topping, frozen, low fat",1,2,2.1,,,14,19,1,14,1,,0.04,,0.02,14,,,,,,
"Dessert topping, powdered, prepared with 2% M.F. milk",1,2,2,1,,12,31,2,18,9,0.2,0.07,,0.03,19,,,,,,
"Dessert topping, pressurized",,4,3.4,0,,11,3,,3,1,0,0,,0,1,,,,,,
"All flavours, instant, from mix, prepared with 2% milk",4,3,1.6,9,0.2,391,206,18,307,65,1.3,0.54,,0.23,141,,,,,,
"Chocolate, ready-to-eat",3,4,0.7,3,0.5,128,178,21,79,10,,0,,0.15,89,,,,,,
"Chocolate, ready-to-eat, fat-free",3,,0.2,1,0.8,168,139,19,75,47,,0.22,,0.15,72,,,,,,
"Rice, homemade",4,2,1.2,7,0.3,55,211,18,112,51,1,0.24,,0.19,115,,,,,,
"Rice, ready-to-eat",2,7,1.2,1,0.3,84,59,8,67,25,0.1,0.21,,0.07,51,,,,,,
"Tapioca, ready-to-eat",2,4,0.6,1,0.2,157,95,8,78,0,,0.21,,0.1,83,,,,,,
"Tapioca, ready-to-eat, fat-free",2,,0,1,0.3,210,52,5,40,32,,0.15,,0.1,50,,,,,,
"Vanilla, ready-to-eat",2,4,0.6,7,0.1,134,112,8,67,6,,0.1,,0.14,87,,,,,,
"Vanilla, ready-to-eat, fat-free",2,,,1,0.4,211,71,7,49,40,,0.19,,0.12,59,,,,,,
"Biscuit, plain or buttermilk, fast food",3,8,1.3,1,1.7,537,114,9,219,,,,,0.15,25,0.2,,,,,
"Biscuit, plain or buttermilk, from mix, baked",2,4,1,2,0.6,273,55,7,136,,,,,0.11,54,0.1,,,,,
"Biscuit, plain or buttermilk, homemade",4,10,2.6,2,1.7,348,73,11,98,,,,,0.19,141,0.2,,,,,
"Biscuit, plain, refrigerated dough, baked",2,4,1,0,0.7,325,42,4,104,,,,,0.06,5,0.1,,,,,
"Croissant, butter",5,12,6.6,38,1.2,424,67,9,60,,,,,0.14,21,0.2,,,,,
"Muffin, blueberry, from mix, prepared",3,5,1.2,32,0.6,216,41,6,93,,,,,0.17,14,0.1,,,,,
"Muffin, bran, from mix, prepared",4,5,1.4,32,1.5,271,84,33,189,,,,,0.13,18,0.1,,,,,
"Muffin, bran, homemade",4,8,0.9,23,2.3,242,363,80,129,,,,,0.16,82,0.1,,,,,
"Muffin, carrot, commercial",7,14,1.6,34,2.2,396,208,18,117,,,,,0.31,100,0.3,,,,,
"Muffin, chocolate chip, commercial",8,14,5.3,37,2.9,341,192,34,147,,,,,0.35,116,0.3,,,,,
"Muffin, fruit, commercial",6,7,1.6,34,1.8,505,139,18,223,,,,,0.14,64,0.2,,,,,
"Muffin, fruit, homemade",4,6,1.2,21,1.3,251,70,9,83,,,,,0.16,108,0.2,,,,,
"Breakfast bar, Oatmeal to GoTM",3,5,0.9,,4.2,202,102,,,,,,,,17,0.7,,,,,
"Cereal bar, fruit filled, Nutri-GrainTM",2,3,0.5,,0.6,96,72,3,43,,,,,0.04,17,0.1,,,,,
"Chocolate chip, commercial",1,5,1.5,,0.7,59,30,10,23,,,,,0.05,7,,,,,,
"Chocolate chip, homemade",2,9,2.6,10,0.8,116,72,18,32,,,,,0.06,12,0.1,,,,,
"Chocolate chip, refrigerated dough, baked",1,5,1.9,6,0.6,56,48,6,18,,,,,0.05,7,,,,,,
Chocolate coated marshmallow,1,4,2.2,,0.9,46,43,11,29,,,,,0.06,6,,,,,,
Chocolate sandwich,1,4,1.8,0,2.1,97,37,10,18,,,,,0.03,4,,,,,,
"Coconut macaroons, homemade",2,6,5.4,0,0.4,119,75,10,21,,,,,0.05,3,,,,,,
Fig,1,2,0.4,0,0.9,112,66,9,20,,,,,0.07,20,0.1,,,,,
Ginger snaps,1,1,0.3,0,0.9,92,48,7,12,,,,,0.04,11,,,,,,
"Graham crackers, plain or honey",1,1,0.2,0,0.5,85,19,4,15,,,,,0.04,3,,,,,,
"Granola bar, hard, chocolate chip",2,4,2.7,0,0.7,83,60,17,49,,,,,0.02,18,,,,,,
"Granola bar, hard, plain",3,5,0.6,0,0.7,74,84,24,69,,,,,0.03,15,0.1,,,,,
"Granola bar, soft, chocolate chip, graham and marshmallow",1,3,0.6,0,0.6,90,48,18,53,,,,,0.04,6,,,,,,
"Granola bar, soft, nuts and raisins",2,6,2.7,,0.6,71,110,25,67,,,,,0.05,24,0.1,,,,,
"Granola bar, soft, peanut butter, chocolate coated",4,12,6.3,4,0.5,71,125,25,84,,,,,0.08,40,,,,,,
"Granola bar, soft, plain",2,5,2,,0.7,78,91,21,64,,,,,0.05,29,0.1,,,,,
Molasses,2,4,1,0,1.9,138,104,16,29,,,,,0.08,22,0.1,,,,,
"Muffin bar (Hop&GoTM, Sweet MorningsTM)",2,6,1,20,0.8,175,64,7,26,,,,,0.1,7,0.1,,,,,
"Oatmeal, with raisins, commercial",2,5,1.2,0,0.7,100,37,9,36,,,,,0.06,10,0.1,,,,,
"Oatmeal, without raisins, homemade",2,5,1.1,11,0.8,179,55,13,50,,,,,0.05,32,0.1,,,,,
Peanut butter sandwich,2,6,1.4,0,0.7,103,54,14,53,,,,,0.07,15,0.1,,,,,
"Peanut butter, homemade",4,10,1.8,12,0.9,207,92,16,46,,,,,0.08,16,0.1,,,,,
"Shortbread, commercial, plain",1,4,1,3,0.4,73,16,3,17,,,,,0.05,6,0.1,,,,,
"Shortbread, homemade",2,12,7.3,31,0.7,130,20,4,20,,,,,0.08,6,0.1,,,,,
Social TeaTM,1,1,0.3,0,0.3,39,10,2,11,,,,,0.03,4,,,,,,
"Sugar cookies, commercial",2,6,1.6,15,0.6,107,19,4,24,,,,,0.06,6,0.1,,,,,
"Sugar cookies, homemade",2,4,1.1,8,0.6,72,23,3,23,,,,,0.07,18,0.1,,,,,
Vanilla wafers,1,2,0.6,0,0.3,37,13,1,8,,,,,0.03,3,,,,,,
"Angelfood, commercial (25cm diam)",2,,,0,0.1,212,26,3,9,,,,,0.14,40,,,,,,
"Angelfood, from mix (25cm diam)",3,,,0,0.1,255,68,4,116,,,,,0.1,42,,,,,,
"Banana bread, homemade (11cm X 6cm X 1cm)",3,6,1.3,26,0.8,181,80,8,35,,,,,0.12,13,0.1,,,,,
"Boston cream pie, commercial",2,8,2.2,34,0.3,132,36,6,45,,,,,0.25,21,0.4,,,,,
"Brownies, commercial (5cm X 5cm)",2,6,1.4,6,0.8,106,51,11,34,,,,,0.07,10,0,,,,,
"Brownies, homemade (5cm X 5cm)",2,10,2.6,26,0.7,123,63,19,48,,,,,0.07,21,0.1,,,,,
"Carrot, homemade with cream cheese icing (2 layer, 23cm diam)",5,28,3.8,73,1.6,201,131,10,70,,,,,0.22,49,0.2,,,,,
"Cheesecake, commercial (15 cm diam)",6,23,9.9,55,0.6,207,90,11,93,,,,,0.19,51,,,,,,
"Cheesecake, from mix, no-bake type (20cm diam)",8,19,9.9,43,0.7,564,313,28,347,,,,,0.39,255,0.2,,,,,
"Cheesecake, plain, homemade with cherry topping (20cm diam)",11,23,8.8,75,1.6,496,146,12,124,,,,,0.24,65,,,,,,
"Chocolate, from mix, with icing (23cm diam)",4,13,1.9,43,1.6,396,177,27,141,,,,,0.13,63,0.1,,,,,
"Chocolate, homemade, with icing (2 layer, 23cm diam)",4,16,5,28,2.5,253,138,34,91,,,,,0.15,66,0.1,,,,,
"Coffee cake, cinnamon with crumb topping, commercial",4,13,3.3,18,1.1,199,70,12,61,,,,,0.13,31,0.1,,,,,
"Coffee cake, cinnamon with crumb topping, from mix (20cm X 15cm)",2,4,0.8,22,0.6,189,50,8,96,,,,,0.08,61,0.1,,,,,
"Fruitcake, commercial",1,4,0.5,2,0.9,116,66,7,22,,,,,0.04,14,,,,,,
"Gingerbread, from mix (23cm X 23cm)",3,7,1.8,22,2.3,315,166,11,113,,,,,0.13,47,0.1,,,,,
"Pound cake, homemade  (23cm X 13cm X 7.5cm)",5,23,4.1,96,2.1,368,66,7,59,,,,,0.23,22,0.2,,,,,
"Shortcake, biscuit-type, homemade (4cm X 7.5cm diam)",5,8,2.4,28,1.7,459,96,12,100,,,,,0.24,106,0.2,,,,,
"Sponge, commercial, individual shell",1,1,0.2,26,0.7,61,25,3,34,,,,,0.07,18,0,,,,,
"Sponge, homemade (25cm diam)",5,3,0.8,107,1,144,89,6,63,,,,,0.19,26,0.1,,,,,
"White, from mix, with icing (2 layer, 23cm diam)",3,10,1.6,,0.9,342,76,15,138,,,,,0.12,41,0.1,,,,,
"White, homemade, with icing (2 layer, 23cm diam)",3,9,2.5,1,1.3,205,55,5,41,,,,,0.14,50,0.1,,,,,
"Yellow, from mix, with icing (2 layer, 23cm diam)",4,11,2,46,1.1,338,74,15,137,,,,,0.14,60,0.1,,,,,
"Apple, commercial, 2 crust (23cm diam) pie",2,14,4.7,0,0.6,333,81,9,30,,,,,0.03,14,,,,,,
"Apple, homemade, 2 crust (23cm diam) pie",4,19,4.7,0,1.7,327,122,11,43,,,,,0.17,11,0.2,,,,,
"Banana cream, from mix, no-bake type (23cm diam) pie",3,12,6.4,27,0.4,267,104,11,154,,,,,0.13,67,0.1,,,,,
Butter tart pie,2,14,5.6,30,1.1,164,109,10,35,,,,,0.1,22,0.1,,,,,
"Cherry, commercial, 2 crust (23cm diam) pie",3,14,3.2,0,2,308,101,10,36,,,,,0.16,15,0.2,,,,,
"Chocolate cream, commercial (20cm diam) pie",3,22,5.6,6,1.2,154,144,24,77,,,,,0.12,41,,,,,,
"Coconut cream, commercial (20cm diam) pie",1,11,4.5,0,0.5,163,42,13,54,,,,,0.05,19,,,,,,
"Fried pie, fruit (13cm X 10cm)",4,21,3.1,0,1.6,479,83,13,55,,,,,0.14,28,0.2,,,,,
"Lemon meringue, commercial (20cm diam) pie",2,10,2,51,0.7,165,101,17,119,,,,,0.24,63,0.1,,,,,
"Mincemeat pie, homemade, 2 crust (23cm diam)",4,18,4.4,0,2.5,419,335,23,69,,,,,0.17,36,0.2,,,,,
"Pecan, commercial (20cm diam) pie",5,21,4,36,1.2,479,84,20,87,,,,,0.14,19,0.1,,,,,
"Pumpkin, commercial (20cm diam) pie",4,10,1.9,22,1.5,307,168,16,77,,,,,0.22,65,0.2,,,,,
"Sugar pie, homemade, 1 crust",3,31,17.3,84,1.1,81,139,13,59,,,,,0.15,61,0.1,,,,,
"Apple crisp, homemade",2,4,0.9,0,1,449,100,10,36,,,,,0.1,45,0.1,,,,,
"Bread pudding with raisins, homemade",6,5,1.8,61,1.2,252,228,18,111,,,,,0.26,124,0.1,,,,,
"Danish pastry, cinnamon (11cm diam)",5,15,3.7,14,1.3,241,81,12,70,,,,,0.17,46,0.2,,,,,
"Danish pastry, fruit (11cm diam)",4,13,3.5,81,1.3,251,59,11,63,,,,,0.16,33,0.2,,,,,
"Date squares, homemade",3,8,4.7,20,2,241,154,23,61,,,,,0.08,21,0.2,,,,,
"Doughnut, cake-type, plain (8cm diam)",2,11,1.7,17,0.9,257,60,9,126,,,,,0.11,21,0.1,,,,,
"Doughnut, cake-type, plain, chocolate coated (9cm diam)",3,18,4.6,35,1.4,245,112,23,115,,,,,0.06,20,0.1,,,,,
"Doughnut, yeast-leavened, honey bun, glazed (9cm x 6cm)",4,14,3.5,4,1.2,205,65,13,56,,,,,0.13,26,0.2,,,,,
"Doughnut, yeast-leavened, jelly filled (9cm X 6cm)",5,16,4.1,22,1.5,249,67,17,72,,,,,0.12,21,0.3,,,,,
"Eclairs, custard filled, chocolate glaze",6,16,4.1,127,1.2,337,117,15,107,,,,,0.27,63,0.1,,,,,
"Rice Krispies SquaresTM, commercial",1,2,0.3,0,0.3,77,9,3,9,,,,,0.3,1,0.3,,,,,
"Toaster pastries (Pop-TartsTM), brown sugar & cinnamon",3,7,1.8,0,2,212,57,12,67,,,,,0.29,17,0.2,,,,,
"Toaster pastries (Pop-TartsTM), fruit, frosted",2,6,1.5,0,3.9,387,81,13,75,,,,,0.2,16,0.2,,,,,
Chickpea flour,11,3,0.3,0,2.4,31,411,81,155,,,,,0.05,22,0.2,,,,,
"Cornmeal, dry",6,1,0.2,0,0.8,2,118,29,61,,,,,0.04,4,0.1,,,,,
"Oat bran, dry",9,3,0.7,0,2.7,2,281,117,365,,,,,0.11,29,0.6,,,,,
"Oat flakes, dry",7,4,0.7,0,2.2,2,199,78,226,,,,,0.08,27,0.3,,,,,
Potato flour,6,,0.1,0,1.2,46,846,55,142,,,,,0.04,55,0.2,,,,,
Rice flour,5,1,0.3,0,0.3,0,63,29,82,,,,,0.02,8,0.1,,,,,
"Rye flour, light",5,1,0.1,0,1,1,126,38,105,,,,,0.05,11,0.2,,,,,
Soy flour,25,1,0.1,0,4.9,11,1259,153,356,,,,,0.13,127,0.4,,,,,
Wheat bran,1,,,0,0.4,,43,22,37,,,,,0.02,3,,,,,,
"Wheat flour, all purpose",7,1,0.1,0,3.1,1,71,15,71,,,,,0.33,10,0.5,,,,,
"Wheat flour, bread",9,1,0.2,0,3.2,1,72,18,70,,,,,0.37,11,0.6,,,,,
"Wheat flour, cake",6,1,0.1,0,5.3,1,76,12,62,,,,,0.31,10,0.6,,,,,
"Wheat flour, whole grain",9,1,0.2,0,2.5,3,257,87,219,,,,,0.14,22,0.3,,,,,
"Wheat germ, toasted",2,1,0.1,0,0.7,,68,23,82,,,,,0.06,3,0.1,,,,,
"Bagel, plain (10cm diam)",7,1,0.2,0,2.5,379,72,21,68,,,,,0.22,53,0.4,,,,,
Bannock,2,,0,1,0.7,,,,60,,,,,0.06,84,0.1,,,,,
"Bread, French or Vienna",3,1,0.2,0,0.9,213,40,9,37,,,,,0.12,26,0.2,,,,,
"Bread, Italian",3,1,0.3,0,1,204,39,9,36,,,,,0.1,27,0.2,,,,,
"Bread, mixed-grain",4,1,0.3,0,1.2,170,71,19,62,,,,,0.12,32,0.1,,,,,
"Bread, naan",7,2,0.8,3,2.3,208,115,16,89,,,,,0.33,78,0.3,,,,,
"Bread, oatmeal",3,2,0.2,0,0.9,210,50,13,44,,,,,0.08,23,0.1,,,,,
"Bread, pita, white (17cm diam)",5,1,0.1,0,1.6,322,72,16,58,,,,,0.2,52,0.4,,,,,
"Bread, pita, whole wheat (17cm diam)",6,2,0.3,0,2,340,109,44,115,,,,,0.05,10,0.2,,,,,
"Bread, pumpernickel",3,1,0.2,0,1,235,73,19,62,,,,,0.11,24,0.1,,,,,
"Bread, raisin",3,2,0.4,0,1,137,79,9,38,,,,,0.14,23,0.1,,,,,
"Bread, rye",3,1,0.2,0,1,231,58,14,44,,,,,0.12,26,0.2,,,,,
"Bread, white, calorie-reduced",3,1,0.2,0,1.1,159,27,8,42,,,,,0.1,33,0.1,,,,,
"Bread, white, commercial",3,1,0.3,0,1.3,238,35,8,35,,,,,0.12,53,0.2,,,,,
"Bread, white, homemade with 2% milk",3,2,0.4,1,1,126,51,7,40,,,,,0.13,20,0.1,,,,,
"Bread, whole wheat, commercial",3,1,0.3,0,1.2,184,88,30,80,,,,,0.07,25,0.1,,,,,
"Bread, whole wheat, homemade with 2% milk",3,2,0.3,0,1.1,121,110,28,65,,,,,0.08,12,0.1,,,,,
Dumpling,1,4,1,1,0.4,138,23,3,22,,,,,0.06,23,0.1,,,,,
"English muffin, white, toasted",4,1,0.1,0,1.4,262,74,11,75,,,,,0.14,98,0.2,,,,,
"English muffin, whole wheat, toasted",5,1,0.2,0,1.6,216,105,22,65,,,,,0.15,100,0.2,,,,,
"Fry bread, Navajo",2,5,1.7,3,1.5,122,28,7,46,,,,,0.08,21,0.2,,,,,
"Roll, crusty (kaiser)",6,2,0.3,0,1.9,310,62,15,57,,,,,0.19,54,0.3,,,,,
"Roll, dinner, white",2,2,0.5,,0.9,148,38,7,33,,,,,0.09,34,0.1,,,,,
"Roll, dinner, whole wheat",2,1,0.2,0,0.7,136,77,24,64,,,,,0.04,30,0.1,,,,,
"Roll, hamburger or hotdog, white",4,2,0.5,0,1.4,206,40,9,27,,,,,0.14,59,0.2,,,,,
"Roll, hamburger or hotdog, whole-wheat",4,3,0.6,0,1.7,197,69,19,52,,,,,0.13,41,0.2,,,,,
"Bread stick, plain (19cm X 2cm)",1,1,0.1,0,0.4,66,12,3,12,,,,,0.06,2,0.1,,,,,
"Bread stuffing, dry mix, prepared",3,9,1.8,0,1.2,574,78,13,44,,,,,0.11,34,0.1,,,,,
"Croutons, plain",1,1,0.1,0,0.3,53,9,2,9,,,,,0.02,6,,,,,,
"Matzo, plain",3,,0.1,0,0.9,1,32,7,25,,,,,0.08,4,0.1,,,,,
"Taco shell, baked (13cm diam)",1,3,0.4,0,0.3,48,23,14,32,,,,,0.01,21,,,,,,
"Tortilla, corn (15cm diam)",1,1,0.1,0,0.2,9,35,14,60,,,,,0.01,15,,,,,,
"Tortilla, wheat (20cm diam)",4,3,0.9,0,1.6,234,64,13,61,,,,,0.14,19,0.3,,,,,
"French toast, frozen, ready to heat, heated",4,4,0.9,48,1.3,292,79,10,82,,,,,0.22,63,0.2,,,,,
"French toast, homemade",5,7,1.8,75,1.1,311,87,11,76,,,,,0.21,65,0.1,,,,,
"Pancake, buckwheat, prepared from mix (13cm diam)",3,3,0.6,20,0.7,191,80,27,143,,,,,0.09,89,0.1,,,,,
"Pancake, homemade with butter and syrup (13cm diam)",3,3,1,11,0.5,211,78,9,118,,,,,0.11,85,0.1,,,,,
"Pancake, plain, from complete mix (13cm diam)",1,2,0.2,3,0.4,180,50,6,96,,,,,0.06,36,0.1,,,,,
"Pancake, plain, frozen, ready-to-heat (13cm diam), heated",2,1,0.3,4,1.4,209,30,6,153,,,,,0.19,25,0.2,,,,,
"Pancake, plain, homemade (13cm diam)",2,4,0.8,22,0.7,167,50,6,60,,,,,0.11,83,0.1,,,,,
"Potato pancake, homemade (8cm diam)",2,6,0.6,23,0.7,191,277,16,46,,,,,0.06,12,0.1,,,,,
"Waffle, homemade",3,4,0.7,33,0.9,146,58,7,53,,,,,0.15,44,0.1,,,,,
"Waffle, plain, frozen, ready to heat, heated",2,3,0.5,8,1.5,260,42,7,139,,,,,0.16,77,0.1,,,,,
"Barley, pearled, cooked",2,,0.1,0,1.1,2,77,18,45,,,,,0.05,9,0.1,,,,,
"Bulgur, cooked",3,,,0,0.9,5,65,31,38,,,,,0.03,10,0.1,,,,,
"Couscous,cooked",3,,,0,0.3,4,48,7,18,,,,,0.02,7,0.1,,,,,
"Macaroni, cooked",7,1,0.1,0,2.1,1,46,27,80,,,,,0.14,10,0.3,,,,,
"Noodles, Chinese, chow mein",4,15,2.1,0,2.2,209,57,25,77,,,,,0.2,10,0.3,,,,,
"Noodles, egg, cooked",8,2,0.5,56,2.7,12,47,32,117,,,,,0.14,20,0.3,,,,,
"Pasta, fresh-refrigerated, cooked",9,3,0.7,69,2,140,36,24,88,,,,,0.29,17,0.3,,,,,
"Pasta, fresh-refrigerated, spinach, cooked",9,3,0.6,56,1.8,20,63,41,96,,,,,0.21,32,0.4,,,,,
"Quinoa, cooked",2,1,0.1,0,1.7,4,138,39,77,,,,,0.07,11,,,,,,
"Ramen noodles, chicken flavour, dry",9,13,6,,3.3,1760,147,19,100,,,,,0.21,23,0.5,,,,,
"Rice noodles, cooked",2,,,0,0.3,35,7,6,37,,,,,0.01,7,,,,,,
"Rice, brown, long-grain, cooked",3,1,0.2,0,0.4,5,44,44,86,,,,,0.03,10,0.1,,,,,
"Rice, white, long-grain, cooked",2,,0.1,0,0.2,1,29,10,36,,,,,0.01,8,,,,,,
"Rice, white, long-grain, instant, prepared",2,,,0,0.2,3,3,4,12,,,,,0.04,7,,,,,,
"Rice, white, long-grain, parboiled,cooked",2,,0.1,0,0.2,3,34,11,39,,,,,0.02,18,,,,,,
"Rice, wild, cooked",3,,,0,0.5,3,88,28,71,,,,,0.08,3,,,,,,
"Soba noodles, cooked",6,,,0,0.6,72,42,11,30,,,,,0.03,5,0.1,,,,,
"Spaghetti, cooked",7,1,0.1,0,2.1,1,46,27,80,,,,,0.14,10,0.3,,,,,
"Spaghetti, whole-wheat, cooked",8,1,0.1,0,1.6,4,65,44,132,,,,,0.07,22,0.2,,,,,
"All Bran Buds with psyllium, Kellogg'sTM",2,1,,0,3.5,181,242,74,242,,,,,0.09,17,0.5,,,,,
"All Bran, Kellogg'sTM",4,1,,0,4.7,305,408,130,350,,,,,0.07,30,0.7,,,,,
"Almond Raisin Muslix, Kellogg'sTM",4,3,,0,5.9,140,191,30,86,,,,,0.07,24,0.9,,,,,
"Alpha-Bits, PostTM",2,1,0.2,0,4.5,126,21,24,74,,,,,0,3,0.7,,,,,
"Bran Flakes, PostTM",5,1,0.2,0,7,302,253,121,276,,,,,0.08,24,1.1,,,,,
"Cap'n Crunch, QuakerTM",1,1,1.1,0,3.6,213,30,11,22,,,,,0,0,0.5,,,,,
"Cheerios: Honey Nut, General MillsTM",3,1,,0,4.7,252,99,38,115,,,,,0.06,128,0,,,,,
Cheerios: regular General MillsTM,3,2,,0,3.2,219,78,32,105,,,,,0.04,44,,,,,,
"Cinnamon Toast Crunch, General MillsTM",1,3,,0,3.8,193,41,12,93,,,,,0.01,103,0,,,,,
"Corn Bran, QuakerTM",3,2,0.8,0,5,349,91,,42,,,,,0.02,0,0.8,,,,,
"Corn Flakes, Kellogg'sTM",2,,0,0,3.5,190,28,2,12,,,,,0.71,1,0.5,,,,,
"Corn Pops, Kellogg'sTM",1,,0,0,4.4,192,26,3,13,,,,,0.01,2,0.7,,,,,
"Cream of wheat, regular",2,,0,0,1.6,,15,2,17,,,,,0.01,2,,,,,,
"Fibre 1, General MillsTM",3,1,0.1,0,4.1,130,239,68,188,,,,,0.06,110,0.1,,,,,
"Froot Loops, Kellogg'sTM",1,1,,0,3.9,121,30,7,31,,,,,0.02,3,0.6,,,,,
"Frosted Flakes, Kellogg'sTM",2,,0,0,4.9,196,28,2,9,,,,,0.67,1,0.7,,,,,
"Fruit & Fibre, Dates/Raisins/Walnuts, PostTM",3,1,,0,3.9,134,145,55,126,,,,,0.05,16,0.6,,,,,
"Granola with Raisins, low fat, Kellogg'sTM",5,3,,0,7.8,147,173,47,135,,,,,0.14,24,1.2,,,,,
"Granola with Raisins, RogersTM",5,8,,0,1.9,95,198,,157,,,,,0.06,28,0.4,,,,,
"Grape-Nuts, PostTM",6,1,,0,2,348,253,59,241,,,,,0.09,24,0.2,,,,,
"Harvest Crunch, regular, QuakerTM",5,9,6.7,1,1.1,45,226,,,,,,,0.07,51,0.1,,,,,
"Honeycomb, PostTM",1,,,0,3.7,93,46,7,36,,,,,,8,0.5,,,,,
"Just Right, Kellogg'sTM",4,1,,0,6,250,105,28,93,,,,,0.1,11,0.9,,,,,
"Life, QuakerTM",5,2,0.3,0,4.3,195,188,10,160,,,,,0.03,24,0.6,,,,,
"Lucky Charms, General MillsTM",2,1,,0,4.6,227,64,28,87,,,,,0.02,124,0,,,,,
"Mini-Wheats with White Frosting, Kellogg'sTM",3,1,,0,4.7,4,135,31,102,,,,,0.02,14,0.7,,,,,
"Muesli, President's ChoiceTM",5,2,,0,1.6,24,228,13,40,,,,,0.1,9,0.1,,,,,
"Nesquik, General MillsTM",1,1,,0,4.1,192,49,8,44,,,,,0,33,0,,,,,
"Oat bran, cooked",3,1,0.3,0,1.3,1,120,,127,,,,,0.06,17,0.2,,,,,
"Oatmeal Crisp Almond, General MillsTM",3,3,,0,4.3,108,93,34,93,,,,,0.05,81,0.6,,,,,
"Oatmeal Crisp Maple Walnut, General MillsTM",3,2,0.3,0,4.3,142,101,29,81,,,,,0.05,81,0.6,,,,,
"Oatmeal, instant, apple-cinnamon",3,2,0.3,0,5,256,108,36,88,,,,,0.03,21,0.8,,,,,
"Oatmeal, instant, regular",4,2,0.4,0,4,241,112,45,132,,,,,0.04,21,0.6,,,,,
"Oatmeal, large flakes/quick",4,2,0.3,0,1,1,98,,111,,,,,0.04,13,0.2,,,,,
"Puffed Wheat, QuakerTM",2,,0.1,0,0.5,0,60,18,40,,,,,0.01,9,0.1,,,,,
"Raisin Bran, Kellogg'sTM",5,1,,0,7.9,367,334,75,189,,,,,0.08,22,1.2,,,,,
"Red River, Robin HoodTM",4,1,0.1,,1.3,27,,18,63,,,,,0.02,15,0.1,,,,,
"Reese's Puffs, General MillsTM",2,3,0.6,0,4,178,43,2,11,,,,,0,98,0,,,,,
"Rice Krispies, Kellogg'sTM",2,,0,0,3.8,315,31,11,41,,,,,0.01,4,0.6,,,,,
"Shredded Wheat, PostTM",3,1,0.1,0,1.5,1,92,31,83,,,,,0.06,9,0.1,,,,,
"Shreddies, PostTM",4,1,,0,5.1,241,143,38,109,,,,,0.01,14,0.8,,,,,
"Special K, Kellogg'sTM",4,,,0,3.2,226,34,13,49,,,,,0.03,,0.5,,,,,
"Sugar Crisp, PostTM",1,1,,0,0.3,33,1,11,44,,,,,,3,0.5,,,,,
"Trix, General MillsTM",1,1,,0,4,195,16,2,22,,,,,0,98,0,,,,,
WeetabixTM,4,1,0.1,0,1.1,126,141,58,144,,,,,,14,0.7,,,,,
Cheese crackers,,1,0.4,1,0.2,40,6,1,9,,,,,0.02,6,,,,,,
"Melba toast, plain",1,,,0,0.4,83,20,6,20,,,,,0.03,9,,,,,,
Milk crackers,4,8,1.3,5,1.7,284,55,11,145,,,,,0.2,83,0.3,,,,,
Rusk toast,1,1,0.1,0,0.3,25,25,4,15,,,,,0.04,3,,,,,,
"Rye wafers, plain",2,,,0,1.5,199,124,30,84,,,,,0.07,10,0.1,,,,,
"Saltine (oyster, soda, soup)",1,1,0.2,0,0.7,129,18,3,12,,,,,0.05,8,,,,,,
"Saltine (oyster, soda, soup), unsalted top",1,1,0.4,0,0.6,92,15,3,13,,,,,0.06,14,0.1,,,,,
Standard-type (snack-type) (RitzTM),1,3,0.5,0,0.4,102,16,3,27,,,,,0.04,14,,,,,,
"Standard-type, reduced sodium (RitzTM)",1,3,0.5,0,0.4,45,43,3,27,,,,,0.04,14,,,,,,
Wheat crackers,2,3,2,0,1,173,60,12,44,,,,,0.07,10,0.1,,,,,
"Wheat crackers, low fat",2,2,1.2,,0.7,112,72,13,52,,,,,0.1,34,0.1,,,,,
Whole-wheat crackers,1,3,0.5,0,0.5,105,48,16,47,,,,,0.02,8,,,,,,
"Alfalfa sprouts, raw",,,,,0.1,1,7,2,6,1,,0,,,3,,1,,,,
"Artichoke hearts, canned in water",1,,,,0.3,74,95,16,23,2,,0,,,12,,3,,,,
"Artichoke hearts, marinated in oil",1,2,,,0.3,79,93,16,23,2,,0,,,12,,3,,,,
"Artichoke, boiled, drained",4,,,,1.5,114,425,72,103,11,,0,,,54,,12,,,,
"Asparagus, canned, drained",2,1,,,2,310,186,11,46,44,,0,,,17,,20,,,,
"Asparagus, fresh or frozen, boiled, drained",2,,,,0.7,8,178,11,46,41,,0,,,18,,14,,,,
"Bean sprouts, stir-fried",3,,,,1.2,6,143,22,52,1,,0,,,9,,10,,,,
"Beans, lima, frozen, boiled, drained",6,,,,1.9,28,391,53,107,8,,0,,,27,,6,,,,
"Beans, snap (green, yellow, Italian), canned, drained",1,,,,0.6,187,78,9,14,16,,0,,,19,,2,,,,
"Beans, snap (green, yellow, Italian), fresh or frozen, boiled, drained",1,,,,0.5,4,97,15,21,22,,0,,,33,,5,,,,
"Beets, pickled, sliced, not drained",1,,,,0.5,317,177,18,20,1,,0,,,13,,3,,,,
"Beets, sliced, boiled, drained",2,,,,0.7,69,274,21,34,2,,0,,,14,,3,,,,
"Beets, sliced, canned, drained",1,,,,1.6,174,133,15,15,1,,0,,,13,,6,,,,
"Belgium endive, raw",,,,,0.1,1,112,5,14,1,,0,,,10,,1,,,,
"Bok Choy, Pak-Choi, shredded, boiled, drained",1,,,,0.9,31,333,10,26,190,,0,,,84,,23,,,,
"Broccoli, chopped, boiled, drained",2,,,,0.6,34,241,17,55,81,,0,,,33,,53,,,,
"Broccoli, chopped, raw",1,,,,0.3,15,147,10,31,15,,0,,,22,,41,,,,
"Broccoli, frozen spears, boiled, drained",3,,,,0.6,23,175,19,53,54,,0,,,50,,39,,,,
"Brussels sprouts, fresh or frozen, boiled, drained",3,,,,0.7,15,255,16,47,36,,0,,,26,,45,,,,
"Cabbage, green, shredded, boiled, drained",1,,,,0.1,6,77,6,12,6,,0,,,25,,16,,,,
"Cabbage, green, shredded, raw",1,,,,0.2,7,91,6,9,3,,0,,,17,,12,,,,
"Cabbage, napa, shredded, boiled, drained",1,,,,0.4,6,50,5,11,7,,0,,,17,,2,,,,
"Cabbage, red, shredded, raw",1,,,,0.3,10,90,6,11,21,,0,,,17,,21,,,,
"Carrots, baby, raw",1,,,,0.7,62,190,8,22,552,,0,,,26,,7,,,,
"Carrots, fresh or frozen, boiled, drained",1,,,,0.3,45,165,8,24,652,,0,,,25,,2,,,,
"Carrots, raw",1,,,,0.2,42,195,7,21,367,,0,,,20,,4,,,,
"Cauliflower, pieces, boiled, drained",1,,,,0.2,10,93,6,21,1,,0,,,10,,29,,,,
"Cauliflower, pieces, raw",1,,,,0.2,16,160,8,23,1,,0,,,12,,25,,,,
"Celery, raw",,,,,0.1,32,104,4,10,9,,0,,,16,,1,,,,
"Corn, sweet, canned, cream style",2,1,,,0.5,385,181,23,69,5,,0,,,4,,6,,,,
"Corn, sweet, canned, niblets",3,1,,,0.5,302,206,26,71,4,,0,,,6,,6,,,,
"Corn, sweet, on or off cob, fresh or frozen, boiled, drained",3,1,,,0.5,8,209,26,79,7,,0,,,2,,4,,,,
"Cucumber, peeled, raw",,,,,0.1,1,38,3,6,1,,0,,,4,,1,,,,
Edamame,9,4,,,1.9,5,357,52,138,,,0,,,52,,5,,,,
"Eggplant, pieces, boiled, drained",,,,,0.1,1,64,6,8,1,,0,,,3,,1,,,,
"Fiddleheads, frozen, boiled",4,,,,1,,244,26,78,171,,0,,,27,,22,,,,
"Fireweed leaves, raw",1,,,,0.3,4,60,19,13,22,,0,,,52,,,,,,
"Hearts of palm, canned",2,,,,2.1,281,117,25,43,0,,0,,,38,,5,,,,
"Kale, chopped, boiled, drained",1,,,,0.6,16,157,12,19,468,,0,,,49,,28,,,,
"Leeks, chopped, boiled, drained",,,,,0.6,5,48,8,9,1,,0,,,16,,2,,,,
"Lettuce, Boston, shredded",1,,,,0.7,3,138,8,19,96,,0,,,20,,2,,,,
"Lettuce, iceberg, shredded",1,,,,0.2,6,82,4,12,15,,0,,,10,,2,,,,
"Lettuce, looseleaf, shredded",1,,,,0.5,17,115,8,17,219,,0,,,21,,11,,,,
"Lettuce, romaine, shredded",1,,,,0.6,5,146,8,18,172,,0,,,20,,14,,,,
"Lettuce, spring mix (mesclun)",1,,,,0.7,21,202,19,23,124,,0,,,43,,9,,,,
"Mushrooms, pieces, canned, drained",2,,,,0.7,350,106,12,54,0,,0,,,9,,1,,,,
"Mushrooms, portobello, grilled",4,1,,,0.5,9,443,13,128,0,,0,,,3,,0,,,,
"Mushrooms, raw",2,,,,0.3,2,170,5,46,0,,0.02,,,2,,1,,,,
"Mushrooms, shiitake, sliced, stir-fried",2,,,,0.3,3,186,11,63,0,,0,,,1,,0,,,,
"Mushrooms, white, sliced, stir-fried",2,,,,0.1,7,226,6,60,0,,0,,,2,,0,,,,
"Onions, green (scallion), raw",,,,,0.2,2,41,3,6,8,,0,,,11,,3,,,,
"Onions, yellow, chopped, raw",,,,,0.1,1,58,4,11,0,,0,,,9,,3,,,,
"Onions, yellow, chopped, sauteed",,5,,,0.1,6,61,4,15,,,0,,,9,,1,,,,
"Parsnip, sliced, boiled, drained",1,,,,0.5,8,302,24,57,0,,0,,,30,,11,,,,
"Peas, green, canned, drained",4,,,,0.9,226,155,15,60,24,,0,,,18,,9,,,,
"Peas, green, frozen, boiled, drained",4,,,,1.3,61,93,19,65,89,,0,,,20,,8,,,,
"Peas, snowpeas, boiled, drained",3,,,,1.7,3,203,22,46,44,,0,,,36,,40,,,,
"Peas, snowpeas, raw",1,,,,0.7,1,68,8,18,18,,0,,,15,,20,,,,
"Pepper, jalapeno, raw",,,,,0.1,,30,3,4,6,,0,,,1,,6,,,,
"Pepper, sweet, green, raw",1,,,,0.3,2,144,8,16,15,,0,,,8,,66,,,,
"Pepper, sweet, green, sauteed",1,9,,,0.2,13,100,6,11,8,,0,,,6,,132,,,,
"Pepper, sweet, red, raw",1,,,,0.3,1,126,7,15,93,,0,,,4,,113,,,,
"Pepper, sweet, red, sauteed",1,9,,,0.4,16,144,9,17,98,,0,,,5,,121,,,,
"Pepper, sweet, yellow, raw",1,,,,0.4,2,197,11,22,9,,0,,,10,,171,,,,
"Pepper, sweet, yellow, sauteed",1,2,,,0.3,175,153,9,18,30,,,,,9,,132,,,,
"Potato, baked, flesh",3,,,,0.5,8,610,39,78,0,,0,,,8,,20,,,,
"Potato, baked, flesh and skin",4,,,,1.9,17,926,48,121,2,,0,,,26,,17,,,,
"Potato, boiled without skin",2,,,,0.4,7,443,27,54,0,,0,,,11,,10,,,,
"Potato, boiled, flesh and skin",3,,,,1.3,7,572,34,67,0,,0,,,13,,18,,,,
"Potato, canned, drained",2,,,,1.8,307,321,20,39,0,,0,,,7,,7,,,,
"Potato, microwaved, flesh and skin",5,,,,2.5,16,903,55,212,0,,0,,,22,,31,,,,
"Potato, microwaved, peeled after cooking",3,,,,0.6,11,641,39,170,0,,0,,,8,,24,,,,
"Potatoes, French fried, frozen, home-prepared in oven",2,4,,,0.6,14,201,11,40,0,,0,,,4,,5,,,,
"Potatoes, hashed brown, plain, frozen, heated",3,9,,,1.2,28,359,14,59,0,,0,,,12,,5,,,,
"Potatoes, mashed, dried, 2% milk and margarine added",3,4,,,0.2,284,235,15,59,61,,0.13,,,46,,14,,,,
"Potatoes, mashed, homemade with 2% milk and margarine",2,4,,,0.3,327,321,20,51,19,,0.06,,,29,,7,,,,
"Potatoes, scalloped, from mix with water, 2% milk and margarine",3,5,,,0.4,420,243,17,81,64,,0.11,,,66,,3,,,,
"Potatoes, scalloped, homemade",4,5,,,0.7,434,489,25,82,,,0,,,74,,14,,,,
"Pumpkin, canned",1,,,,1.8,6,267,30,45,1007,,0,,,34,,5,,,,
"Radicchio, chopped",,,,,0.1,5,64,3,8,,,0,,,4,,2,,,,
Radishes,,,,,,5,31,1,3,0,,0,,,3,,2,,,,
"Rutabaga (yellow turnip), diced, boiled, drained",1,,,,0.5,18,293,21,50,13,,0,,,43,,17,,,,
"Sauerkraut, canned, not drained",1,,,,1.1,496,128,10,15,1,,0,,,23,,11,,,,
"Seaweed, dulse, dried",1,,,,0.4,11,84,,14,62,,0,,,17,,9,,,,
"Spinach, boiled, drained",3,,,,3.4,67,443,83,53,498,,0,,,129,,9,,,,
"Spinach, chopped, raw",1,,,,0.9,25,177,25,16,149,,0,,,31,,9,,,,
"Squash, acorn, cubed, baked",1,,,,1,4,473,47,49,23,,0,,,48,,12,,,,
"Squash, butternut, cubed, baked",1,,,,0.6,4,308,31,29,413,,0,,,44,,16,,,,
"Squash, spaghetti, baked",1,,,,0.3,15,96,9,11,5,,0,,,17,,3,,,,
"Sweet potato, baked, peeled after cooking",1,,,,0.4,21,271,15,31,548,,0,,,22,,11,,,,
"Sweet potato, boiled without skin",1,,,,0.5,20,174,14,24,594,,0,,,20,,10,,,,
"Swiss chard, chopped, boiled, drained",2,,,,2.1,165,508,80,31,283,,0,,,54,,17,,,,
"Tomatoes, canned, stewed",1,,,,1.8,298,279,16,27,12,,0,,,46,,11,,,,
"Tomatoes, canned, whole",1,,,,1.2,162,238,14,24,8,,0,,,39,,18,,,,
"Tomatoes, raw",1,,,,0.3,6,292,14,30,52,,0,,,12,,16,,,,
"Tomatoes, sun-dried",,,,,0.2,42,69,4,7,1,,0,,,2,,1,,,,
"Tomatoes, sun-dried, packed in oil, drained",,,,,0.1,8,47,2,4,2,,0,,,1,,3,,,,
"Turnip (white turnip), cubed, boiled, drained",1,,,,0.1,13,146,7,21,0,,0,,,27,,10,,,,
"Vegetables, Asian mix  (broccoli, carrots, green beans, ""mini corn"", snow peas, sweet red pepper), frozen, boiled, drained",1,,,,0.5,15,128,13,32,192,,0,,,24,,22,,,,
"Vegetables, broccoli and cauliflower, frozen, boiled, drained",2,,,,0.5,20,152,14,38,27,,0,,,33,,34,,,,
"Vegetables, mixed (corn, lima beans, snap beans, peas, carrots), frozen, boiled, drained",3,,,,0.8,34,163,21,49,206,,0,,,24,,3,,,,
"Vegetables, peas and carrots, canned, not drained",3,,,,1,350,135,19,62,389,,0,,,31,,9,,,,
"Zucchini, raw, slices",,,,,0.1,4,104,7,15,4,,0,,,6,,7,,,,
"Zucchini, sliced, boiled, drained",1,,,,0.3,3,241,21,38,53,,0,,,12,,4,,,,
Carrot juice,1,,,,0.6,36,364,17,52,966,,0,,,30,,11,,,,
"Coleslaw with dressing, homemade",1,2,,,0.4,15,115,6,20,34,,0,,,29,,21,,,,
"Potato salad, homemade",4,15,,,0.7,579,276,17,66,57,,0.2,,,28,,17,,,,
Tomato clam cocktail,1,,,,0.2,462,114,6,14,9,,0.04,,,10,,6,,,,
Tomato juice,1,,,,0.6,345,294,14,23,30,,0,,,13,,10,,,,
"Tomato juice, without added salt",1,,,,0.8,18,421,20,33,42,,0,,,18,,34,,,,
"Tomato sauce for spaghetti, canned",2,6,,,0.9,652,505,32,47,82,,0,,,37,,15,,,,
"Tomato sauce, canned",2,,,,1.3,678,428,21,34,22,,0,,,17,,8,,,,
Vegetable juice cocktail,1,,,,0.5,345,247,14,22,100,,0,,,14,,35,,,,
"Vegetable juice cocktail, low sodium",1,,,,0.5,89,247,14,22,66,,0,,,14,,35,,,,
"Egg substitute, frozen (yolk replaced), cooked",14,17,2.9,2,2.4,291,258,,88,60,1.9,0.35,2.2,,89,,,,,,
"Egg white, cooked",3,0,0,0,,106,39,,4,0,0,0.01,0,,3,,,,,,
"Egg yolk, cooked",3,6,1.7,202,0.7,34,17,,64,106,0.8,0.88,1.4,,22,,,,,,
"Egg, fried",12,14,3.6,367,1.4,322,116,,127,236,1.9,1.62,2.7,,46,,,,,,
"Egg, hard-boiled",6,5,1.6,216,0.6,62,63,,86,85,0.7,0.56,0.5,,25,,,,,,
"Egg, poached",6,5,1.5,215,0.9,147,67,,95,70,0.4,0.64,0.5,,27,,,,,,
Eggs benedict,34,35,12.5,458,4,2015,456,,453,265,2.1,1.96,1.7,,189,,,,,,
"Eggs, scrambled, made with 2 eggs",13,14,4.1,363,1.4,476,171,,160,253,2.3,1.73,2.6,,90,,,,,,
"Omelet, cheese, made with 2 eggs",18,20,8,376,1.6,890,241,,356,304,2.3,1.99,2.7,,238,,,,,,
"Omelet, spanish, made with 2 eggs (mushrooms, onions, green peppers, tomatoes)",15,24,5.7,353,1.8,607,514,,211,403,4.3,1.7,3.7,,111,,,,,,
"Omelet, western, made with 2 eggs (green peppers, ham, onions)",17,17,5.1,346,1.5,720,258,,202,231,2.2,1.72,2.5,,86,,,,,,
"Anchovies, canned in oil, drained solids",2,1,0.2,7,0.4,293,44,,20,1,0.1,0.07,0.3,,19,,,,,,
"Arctic char, boiled",20,4,0.7,,0.4,38,,,188,68,2.8,,,,23,,,,,,
"Bass, mixed species, baked or broiled",18,4,0.8,65,1.4,68,342,,192,26,,1.73,,,77,,,,,,
"Burbot (loche), raw",16,1,0.1,54,0.3,63,288,,171,5,0.5,0.72,,,22,,,,,,
"Catfish, channel, farmed, baked or broiled",14,6,1.3,48,0.6,60,241,,184,11,,2.1,1,,7,,,,,,
"Cisco (lake herring, tullibee), baked or broiled",17,3,,,0.5,38,312,,188,0,,,,,38,,,,,,
"Cisco (lake herring, tullibee), raw",17,2,1.1,45,0.4,50,319,,137,27,,0.9,,,10,,,,,,
"Cod, Atlantic, baked or broiled",17,1,0.1,41,0.4,59,183,,104,11,0.5,0.79,0.6,,11,,,,,,
"Cod, Atlantic, dried and salted, soaked in water",13,1,0.1,32,0.5,1353,265,,183,9,0.5,1.82,0.6,,35,,,,,,
Gefiltefish,7,1,0.3,23,1.9,393,68,,55,20,,0.63,,,17,,,,,,
"Grayling, baked or broiled",17,1,,,0.5,,,,,,,,,,29,,,,,,
"Haddock, baked or broiled",18,1,0.1,56,1,65,299,,181,14,0.2,1.04,0.4,,32,,,,,,
"Halibut, Atlantic and Pacific, baked or broiled",20,2,0.3,31,0.8,52,432,,214,41,3.6,1.03,2.2,,45,,,,,,
"Herring, Atlantic, kippered",18,9,2.1,62,1.1,689,335,,244,30,1.6,14.03,1.2,,63,,,,,,
"Mackerel, Atlantic, baked or broiled",18,13,3.1,56,1.2,62,301,,209,41,2,14.25,1.5,,11,,,,,,
"Ocean Perch, Atlantic, baked or broiled",18,2,0.2,41,0.9,72,263,,208,11,,0.86,1.2,,103,,,,,,
"Pickerel (Walleye), baked or broiled",18,1,0.2,83,1.3,49,374,,202,18,3.5,1.73,,,106,,,,,,
"Pike, northern, baked or broiled",16,1,0.2,38,0.3,23,323,,180,1,2.4,1.73,0.2,,33,,,,,,
"Pollock, Atlantic, baked or broiled",19,1,0.1,68,0.4,83,342,,212,9,1.4,2.76,0.2,,58,,,,,,
"Salmon, Atlantic, farmed, baked or broiled",17,9,1.9,47,0.3,46,288,,189,11,5.1,2.1,,,11,,,,,,
"Salmon, chum (keta), baked or broiled",19,4,0.8,71,0.5,48,413,,272,26,14,2.6,1.1,,11,,,,,,
"Salmon, chum (keta), canned, drained solids with bone, salted",16,4,1.1,29,0.5,365,225,,266,14,5,3.3,1.2,,187,,,,,,
"Salmon, chum (keta), canned, drained solids with bone, unsalted",16,4,1.1,29,0.5,56,225,,266,14,4.2,3.3,1.2,,187,,,,,,
"Salmon, coho, farmed, baked or broiled",18,6,1.5,47,0.3,39,345,,249,44,,2.38,0.7,,9,,,,,,
"Salmon, eggs, raw",24,9,2.1,,0.6,45,369,,198,,,,,,11,,,,,,
"Salmon, king or chinook, smoked, canned",17,4,,,1.4,,,,,72,,,,,45,,,,,,
"Salmon, pink, canned, drained solids with bone",17,4,0.6,62,0.7,299,233,,274,17,,3.71,1,,208,,,,,,
"Salmon, smoked",7,2,0.4,9,0.3,314,70,,66,10,4.2,1.3,0.5,,4,,,,,,
"Salmon, smoked, lox",7,2,0.4,9,0.3,800,70,,66,10,4.2,1.3,,,4,,,,,,
"Salmon, sockeye, baked or broiled",20,8,1.4,65,0.4,50,281,,207,47,17,4.35,2.3,,5,,,,,,
"Sardines, Atlantic, canned in oil, drained solids with bones",26,12,1.6,151,3.1,535,421,,519,34,2.5,9.48,2.2,,405,,,,,,
"Sardines, Pacific, canned in tomato sauce, drained with bones",22,11,2.8,65,2.4,439,361,,388,36,12.7,9.54,1.5,,254,,,,,,
"Smelt, breaded and fried",17,10,2.5,79,1,,332,,246,20,,,,,31,,,,,,
"Snapper, mixed species, baked or broiled",20,1,0.3,35,0.2,43,392,,151,26,2.2,2.63,0.5,,30,,,,,,
"Sole (flatfish), baked or broiled",18,1,0.3,51,0.3,79,258,,217,10,1.1,1.88,0.5,,14,,,,,,
"Trout, rainbow, farmed, baked or broiled",18,5,1.6,51,0.2,32,331,,200,65,4.8,3.73,0,,65,,,,,,
"Tuna, light, canned in water, drained, salted",19,1,0.2,23,1.1,254,178,,122,13,0.9,2.24,0.3,,8,,,,,,
"Tuna, light, canned with oil, drained, salted",22,6,1.2,14,1,266,155,,233,17,0.7,1.65,0.7,,10,,,,,,
"Turbot, baked or broiled",15,3,,47,0.3,144,229,,124,9,,1.91,,,17,,,,,,
"Whitefish, lake, native, baked",17,3,0.9,58,0.3,33,294,,168,8,11.3,0.72,,,12,,,,,,
"Clams, mixed species, boiled or steamed",15,1,0.1,40,16.8,67,377,,203,103,0.1,59.33,0.4,,55,,,,,,
"Clams, mixed species, canned, drained solids",22,2,0.2,57,23.6,95,531,,286,153,0.1,83.59,0.5,,78,,,,,,
"Crab, canned, drained",15,1,0.2,63,0.6,238,267,,185,1,,0.33,1.3,,72,,,,,,
"Crab, snow, boiled or steamed",15,1,0.1,44,1.8,431,125,,80,32,,6.47,,,21,,,,,,
"Crayfish, mixed species, farmed, boiled or steamed",11,1,0.1,82,0.7,58,143,,145,9,,1.86,,,31,,,,,,
"Lobster, boiled or steamed",16,,0.1,55,0.3,291,270,,142,20,,2.38,0.8,,47,,,,,,
"Mussels, boiled or steamed",18,3,0.6,42,5,277,201,,214,68,0.2,18,0.8,,25,,,,,,
"Oysters, boiled or steamed",6,2,0.6,44,5,177,118,,85,23,3.4,14.71,0.7,,38,,,,,,
"Oysters, canned, solids and liquid",9,3,0.8,72,8.8,147,300,,182,118,,25.06,1.1,,59,,,,,,
"Oysters, raw",4,1,0.4,21,4.9,150,104,,78,7,,13.61,0.5,,37,,,,,,
"Scallops, cooked, steamed",18,1,0.1,41,2.3,207,371,,264,23,0,1.01,1.2,,90,,,,,,
"Shrimp, boiled or steamed",6,,0.1,59,0.9,67,55,,41,20,,0.45,0.4,,12,,,,,,
"Calamari, breaded and fried",14,7,1.7,197,1,303,216,,194,17,0.1,1.02,1,,45,,,,,,
"Caviar, black or red",4,3,0.7,95,1.9,243,29,,58,91,0.5,3.25,1.1,,45,,,,,,
Crab cake,12,5,0.9,90,0.6,198,194,,128,34,,3.56,,,63,,,,,,
"Crab, imitation, made from surimi",8,1,0.2,13,0.3,560,60,,188,13,1.2,1.07,0.1,,9,,,,,,
Fish cake,16,12,3.3,63,0.8,290,526,,201,28,1.5,0.73,0.7,,30,,,,,,
"Fish fillet, battered and fried",22,15,3.6,71,1,133,508,,266,23,0.8,1.02,1,,42,,,,,,
"Fish sticks, frozen and reheated (10cm x 2.5cm x 1.3cm)",13,10,2.6,93,0.6,485,217,,151,26,0.1,1.5,0.4,,17,,,,,,
"Shrimp, breaded and fried",14,8,1.4,117,0.8,227,149,,144,,,1.23,,,44,,,,,,
Tuna salad,17,10,1.7,14,1.1,435,193,,193,26,3.6,1.3,,,18,,,,,,
"Chai, latte",5,3,2,13,0.1,67,263,19,150,88,,,,,186,,,,,,
"Coffee, brewed",,,,0,,5,123,8,8,0,,,,,5,,0,,,,
"Coffee, brewed, decaffeinated",,0,0,0,0.1,5,135,13,3,0,,,,,5,,0,,,,
"Coffee, instant, regular, powder + water",,,,0,0.1,5,76,8,8,0,,,,,10,,0,,,,
"Coffee, latte",5,6,3.5,16,0.2,79,340,89,156,46,,,,,188,,,,,,
"Coffee, substitute, powder + water",,,,0,0.2,8,79,10,18,0,,,,,8,,0,,,,
Iced cappuccino - original - with cream (Tim HortonsTM),2,9,5,38,0.3,42,,,,,,,,,80,,0,,,,
Iced cappuccino - with 2% milk (Tim HortonsTM),3,1,1,4,0.3,30,,,,,,,,,70,,0,,,,
"Iced coffee, Frappuccino (StarbucksTM)",3,2,1,7,0,120,,,,,,,,,110,,0,,,,
"Iced tea, lemon flavor, ready-to-drink",0,0,0,0,,53,,,,0,,,,,,,,,,,
"Iced tea, lemon flavour, powder + water",,,,0,0.1,8,52,5,3,0,,,,,5,,,,,,
"Tea, brewed",0,,,0,0.1,8,93,8,3,0,,,,,0,,0,,,,
"Tea, brewed, herbal",0,,,0,0.2,3,23,3,0,0,,,,,5,,0,,,,
Club soda,0,0,0,0,,53,5,3,0,0,,,,,13,,0,,,,
Cola,,0,0,0,0.1,10,3,3,34,0,,,,,8,,0,,,,
"Cola, aspartame sweetened",,0,0,0,0.1,13,15,3,28,0,,,,,8,,0,,,,
"Cola, decaffeinated",0,0,0,0,0.1,10,8,0,29,0,,,,,5,,0,,,,
Ginger ale,0,0,0,0,0.5,18,3,3,0,0,,,,,8,,0,,,,
Lemon-lime soda,0,0,0,0,0.2,29,3,3,0,0,,,,,5,,0,,,,
"Non cola soda, aspartame sweetened",0,0,0,0,0.1,40,5,3,0,0,,,,,10,,0,,,,
Orange soda,0,0,0,0,0.2,31,5,3,3,0,,,,,13,,0,,,,
Tonic water,0,0,0,0,,15,0,0,0,0,,,,,4,,0,,,,
"Citrus juice drink, frozen, diluted (Five AliveTM)",,,0,0,1.8,5,128,10,10,3,,,,,13,,38,,,,
"Fruit flavour drink, low Calorie, powder + water (Crystal LightTM)",0,,0,0,,6,0,3,2,,,,,,6,,0,,,,
"Fruit punch flavour drink, powder (Kool-AidTM) + water",0,,,0,0.1,39,3,3,55,0,,,,,44,,0,,,,
"Fruit punch flavour drink, vitamin C added, powder + water",0,,,0,0.1,39,3,3,55,0,,,,,44,,100,,,,
"Fruit punch juice drink, ready-to-drink (Sunny DTM)",0,0,0,0,0.1,26,31,,3,0,,,,,3,,3,,,,
"Lemonade, pink or white, frozen, diluted",,,,0,0.4,6,39,5,5,0,,,,,8,,10,,,,
"Mixed vegetable and fruit juice drink, ready-to-drink (V8 SplashTM)",,,0,0,0.2,41,62,5,8,259,,,,,10,,81,,,,
"Orange drink, vitamin C added (Hi-CTM), ready-to-drink",0,,,0,0.7,42,47,5,3,3,,,,,16,,94,,,,
"Orange drink, vitamin C added (TangTM, QuenchTM, Rise'n ShineTM), powder + water",0,0,0,0,0.1,11,69,3,63,220,,,,,140,,88,,,,
"Sports drink, fruit flavour, low Calorie, ready-to-drink (GatoradeTM, PoweradeTM)",0,0,0,0,0.1,91,26,3,23,0,,,,,0,,16,,,,
"Sports drink, fruit flavour, ready-to-drink (GatoradeTM, PoweradeTM)",0,,0,0,0.5,101,36,3,23,0,,,,,3,,1,,,,
"Water, mineral (PerrierTM)",0,0,0,0,0,3,0,0,0,0,,,,,35,,0,,,,
"Water, municipal",0,0,0,0,0,5,0,3,0,0,,,,,5,,0,,,,
"Beer, de-alcoholized, (Labbat .5TM)",1,,0.1,0,0.2,45,28,24,56,0,,,,,24,,2,,,,
"Beer, high alcohol (7%alcohol by volume)",1,0,0,0,0.1,17,86,21,41,0,,,,,17,,0,,,,
"Beer, light (4% alcohol by volume)",1,0,0,0,0.1,14,71,17,41,0,,,,,14,,0,,,,
"Beer, regular (5% alcohol by volume)",1,0,0,0,0.1,14,92,21,48,0,,,,,14,,0,,,,
"Cocktail, daiquiri",,,,0,0.1,6,27,3,6,0,,,,,4,,2,,,,
"Cocktail, margarita",,,,0,0.1,527,23,2,7,,,,,,4,,2,,,,
"Liqueur, coffee and cream",1,8,5.1,31,0.1,48,17,1,26,91,,,,,8,,,,,,
Sangria,,,,0,0.2,13,80,8,10,1,,,,,9,,6,,,,
"Spirits (gin, rum, vodka, whisky)",0,0,0,0,,1,1,0,2,0,,,,,0,,0,,,,
Vodka cooler,,1,,0,0.9,12,211,23,19,,,,,,20,,11,,,,
"Wine, dessert, sweet",,0,0,0,0.3,11,117,11,11,0,,,,,10,,0,,,,
"Wine, table, red",,0,0,0,0.5,6,140,16,17,0,,,,,10,,0,,,,
"Wine, table, white",,0,0,0,0.4,6,100,12,17,0,,,,,11,,0,,,,
Apple with skin (7cm.diam),,,,,0.2,1,148,7,15,4,,0,,,8,,6,,,,
"Applesauce, unsweetened",,,,,0.2,3,97,4,9,1,,0,,,4,,13,,,,
"Apricots, dried",1,,,,1.3,3,389,13,33,133,,0,,,13,,2,,,,
"Apricots, raw",1,,,,0.4,1,272,11,24,101,,0,,,14,,11,,,,
Avocado,2,15,,,0.6,7,487,29,52,7,,0,,,12,,10,,,,
Banana,1,,,,0.3,1,422,32,26,4,,0,,,6,,10,,,,
Blackberries,1,,,,0.5,1,123,15,17,8,,0,,,22,,16,,,,
"Blueberries, frozen, unsweetened",,1,,,0.1,1,44,4,9,2,,0,,,7,,2,,,,
"Blueberries, raw",1,,,,0.2,1,59,5,9,2,,0,,,5,,7,,,,
"Cherries, sweet",1,,,,0.2,0,151,7,14,2,,0,,,9,,5,,,,
Clementine,1,,,,0.1,1,131,7,16,,,0,,,22,,36,,,,
"Cranberries, dried, sweetened",,,,,0.2,1,12,2,2,0,,0,,,3,,,,,,
"Dates, dried",1,,,,0.3,,163,11,15,0,,0,,,10,,,,,,
"Figs, dried",1,,,,0.3,2,114,11,11,,,0,,,27,,,,,,
"Figs, raw",,,,,0.2,1,116,9,7,4,,0,,,18,,1,,,,
"Fruit cocktail, canned, juice pack",1,,,,0.3,5,119,9,18,19,,0,,,10,,3,,,,
"Fruit cocktail, canned, light syrup pack",1,,,,0.4,8,114,6,14,13,,0,,,8,,2,,,,
"Fruit salad, tropical, canned, heavy syrup pack",1,,,,0.7,3,178,18,10,8,,0,,,18,,24,,,,
"Fruit salad, tropical, canned, juice pack",1,,,,0.3,4,160,14,10,8,,0,,,17,,16,,,,
"Grapefruit, pink or red",1,,,,0.1,0,166,11,22,71,,0,,,27,,38,,,,
"Grapefruit, white",1,,,,0.1,0,175,11,9,2,,0,,,14,,39,,,,
Grapes,1,,,,0.4,2,191,7,20,3,,0,,,10,,11,,,,
Groundcherries,1,,,,0.5,,75,,19,17,,0,,,4,,5,,,,
Kiwifruit,1,,,,0.2,2,237,13,26,3,,0,,,26,,70,,,,
Lychees (litchis),1,,,,0.3,1,164,10,30,0,,0,,,5,,69,,,,
Mango,1,,,,0.1,2,161,9,11,39,,0,,,10,,29,,,,
"Melon, cantaloupe, cubes",1,,,,0.2,14,226,10,13,143,,0,,,8,,31,,,,
"Melon, honeydew, cubes",,,,,0.2,16,205,9,10,3,,0,,,5,,16,,,,
"Melon, watermelon, cubes",,,,,0.2,1,90,8,9,22,,0,,,6,,7,,,,
Nectarine,1,,,,0.4,0,273,12,35,18,,0,,,8,,7,,,,
Orange,1,,,,0.1,0,237,13,18,8,,0,,,52,,70,,,,
"Papaya, cubes",,,,,0.1,2,190,7,4,17,,0,,,18,,46,,,,
Peach,1,,,,0.2,0,186,9,20,16,,0,,,6,,6,,,,
"Peach, canned halves or slices, juice pack",1,,,,0.4,5,169,9,22,25,,0,,,8,,5,,,,
"Peach, canned halves or slices, light syrup pack",1,,,,0.5,7,129,7,15,24,,0,,,4,,9,,,,
"Peach, canned halves or slices, water pack",1,,,,0.4,4,128,6,13,35,,0,,,3,,4,,,,
Pear with skin,1,,,,0.3,2,198,12,18,2,,0,,,15,,7,,,,
"Pear, canned halves, juice pack",,,,,0.4,5,126,9,16,0,,0,,,12,,2,,,,
"Pear, canned halves, light syrup pack",,,,,0.4,7,88,5,9,0,,0,,,7,,2,,,,
"Pear, canned halves, water pack",,,,,0.3,3,68,5,9,0,,0,,,5,,1,,,,
"Pineapple, canned, juice pack",1,,,,0.4,1,160,18,8,3,,0,,,18,,12,,,,
"Pineapple, cubes",,,,,0.2,1,88,10,7,2,,0,,,11,,46,,,,
"Plantain, baked or boiled, sliced",1,,,,0.5,4,378,26,23,37,,0,,,2,,9,,,,
Plum,,,,,0.1,0,104,5,11,11,,0,,,4,,6,,,,
Pomegranate (9.5cm diam),1,,,,0.2,2,200,2,6,2,,0,,,2,,5,,,,
"Prunes, dried",1,,,,0.2,1,184,10,17,10,,0,,,11,,,,,,
"Prunes, dried, cooked, without added sugar",1,,,,0.3,1,202,11,19,11,,0,,,12,,2,,,,
Raisins,1,,,,0.7,4,275,12,37,0,,0,,,18,,1,,,,
Raspberries,1,,,,0.4,1,98,14,19,1,,0,,,16,,17,,,,
"Rhubarb, frozen, cooked, with added sugar",,,,,0.3,1,122,15,10,5,,0,,,184,,4,,,,
Strawberries,1,,,,0.4,1,129,11,20,1,,0,,,13,,49,,,,
"Strawberries, frozen, unsweetened",1,,,,0.9,2,173,13,15,2,,0,,,19,,48,,,,
Tangerine (mandarin),1,,,,0.1,2,139,10,17,11,,0,,,31,,22,,,,
"Tangerine (mandarin), canned, juice pack, drained",1,,,,0.3,5,136,11,11,25,,0,,,12,,34,,,,
"Apple juice, ready-to-drink, vitamin C added",,,,,0.5,4,150,4,9,0,,0,,,9,,52,,,,
"Cranberry juice cocktail, ready-to-drink, vitamin C added",0,,,,0.2,3,24,3,3,0,,0,,,4,,48,,,,
"Cranberry juice, unsweetened, ready-to-drink",1,,,,0.3,3,103,8,17,3,,0,,,11,,12,,,,
"Cranberry-apple juice-drink, ready-to-drink, low Calorie, vitamin C added",,0,,,0.1,6,57,4,1,1,,0,,,13,,41,,,,
"Grape juice, frozen, sweetened, diluted, vitamin C added",,,,,0.1,3,28,5,5,0,,0,,,5,,20,,,,
"Grape juice, ready-to-drink, vitamin C added",1,,,,0.3,4,174,13,15,0,,0,,,12,,32,,,,
"Grapefruit juice, ready-to-drink unsweetened or freshly squeezed",1,,,,0.3,1,206,14,17,1,,0,,,10,,44,,,,
"Grapefruit juice, ready-to-drink, sweetened",1,,,,0.5,3,214,13,15,0,,0,,,11,,36,,,,
"Lemon juice, canned or bottled",,,,,,3,16,1,1,,,0,,,2,,4,,,,
"Lime juice, canned or bottled",,,,,,2,12,1,2,,,0,,,2,,1,,,,
"Nectar, apricot",,,,,0.5,4,151,7,12,88,,0,,,9,,44,,,,
"Nectar, mango",,,,,0.5,7,32,4,3,46,,0,,,23,,20,,,,
"Orange and grapefruit juice, ready-to-drink",1,,,,0.6,4,206,13,18,8,,0,,,10,,38,,,,
"Orange juice, frozen, diluted",1,,,,0.1,1,250,13,21,7,,0,,,12,,51,,,,
"Orange juice, ready-to-drink",1,,,,0.2,1,250,14,14,5,,0,,,13,,43,,,,
"Orange juice, ready-to-drink, refrigerated, vitamin D and calcium added",1,,,,0.2,1,250,14,14,5,,0,,,185,,43,,,,
"Orange, strawberry and banana juice, ready-to-drink",1,,,,0.3,5,124,12,15,1,,0,,,14,,31,,,,
"Pineapple juice, ready-to-drink, vitamin C added",,,,,0.3,1,177,17,11,0,,0,,,22,,32,,,,
"Pomegranate juice, ready-to-drink",0,0,,,0,5,215,,,0,,0,,,0,,0,,,,
"Prune juice, ready-to-drink",1,,,,1.6,5,373,19,34,0,,0,,,16,,6,,,,
"Milk shake, chocolate",6,6,4.1,23,0.5,170,351,30,179,46,1.5,0.6,,0.43,198,0.1,1,,,,
"Milk shake, vanilla",6,5,3.3,19,0.2,144,305,21,179,65,1.6,0.63,,0.32,214,0.1,1,,,,
French fries,3,12,5,11,1,124,541,25,101,2,0,0.09,,0.03,12,0.1,4,,,,
Garlic Bread,5,8,1.3,0,1.3,384,65,14,56,74,1,0.01,,0.17,40,0.2,,,,,
"Onion rings, breaded and fried",4,16,7,14,0.8,430,129,16,86,1,,0.12,,0.1,73,0.1,1,,,,
"Zucchini, breaded and fried, sticks",1,5,0.5,5,0.2,44,81,6,36,8,0.1,0.05,0,0.06,18,,3,,,,
"Breakfast bagel, with ham, egg and cheese",27,18,7.8,243,4.1,1259,262,40,397,181,,1.39,,0.6,185,0.7,0,,,,
"Breakfast biscuit with egg, cheese and bacon",16,31,11.4,261,2.5,1260,230,20,459,,1,1.05,,0.43,164,0.3,2,,,,
"Breakfast English muffin with egg, cheese and bacon",17,13,4.7,234,2.4,729,199,23,270,177,1.1,0.67,,0.45,151,0.5,2,,,,
"Cheeseburger, double patty + condiments + vegetables",30,35,12.8,93,4.7,921,390,36,349,,0.7,2.07,,0.43,169,0.6,3,,,,
"Cheeseburger, single patty, plain",15,15,6.5,50,2.4,500,164,21,196,,0.3,0.97,,0.4,141,0.4,0,,,,
"Chicken sandwich, breaded chicken + condiments + vegetables",29,39,12.4,78,3.6,1238,333,43,406,164,0.4,0.46,,0.46,258,0.4,3,,,,
"Chicken sandwich, grilled chicken + condiments + vegetables",33,12,2.2,78,2.1,330,449,37,36,23,0.2,0.41,1.4,0.24,70,0.2,2,,,,
Donair / Gyro,22,7,2.8,49,3.1,361,404,40,223,22,0.4,1.82,0,0.41,98,0.5,6,,,,
Fish sandwich with breaded fish,21,29,8.1,68,3.5,939,353,37,311,,0.9,1.08,,0.42,185,0.5,3,,,,
"Hamburger, double patty + condiments",32,32,12,103,5.5,742,527,45,284,,0.7,3.33,,0.41,92,0.3,1,,,,
"Hamburger, single patty, plain",12,12,4.1,35,2.4,387,145,19,103,0,0.3,0.89,,0.27,63,0.3,0,,,,
"Submarine sandwich (6 inches), vegetarian",7,4,0.8,0,2.7,529,236,27,88,25,0,0,,0.21,77,0.3,20,,,,
"Submarine sandwich (6 inches), with cold cuts",22,19,6.8,36,2.5,1651,394,68,287,71,0.2,1.09,,0.8,189,1,12,,,,
"Submarine sandwich (6 inches), with grilled/roasted chicken",24,16,2.8,47,3,722,437,44,104,37,0.1,0.2,2,0.3,81,0.4,12,,,,
"Submarine sandwich (6 inches), with tuna",30,28,5.3,49,2.6,1293,335,79,220,46,0.3,1.61,,0.33,74,0.5,4,,,,
"Veggie burger, single patty + condiments + vegetables",19,19,2.9,5,3.1,671,233,25,278,22,,1.8,1.9,0.56,86,0.8,3,,,,
"Wrap sandwich, chicken ranch",32,25,6.7,77,3.3,847,544,50,235,50,0.3,0.47,,0.37,134,0.5,12,,,,
Beef and broccoli stir fry,24,15,3.5,58,2.8,433,473,35,189,90,0.4,2,,0.3,48,0.1,59,,,,
Chicken almond guy ding,22,15,1.6,42,1.7,510,591,61,123,14,0.3,0.29,0,0.22,58,0.1,7,,,,
Chicken chow mein,21,9,1.6,51,1.7,982,423,35,191,17,0.1,0.26,0,0.22,38,0.1,8,,,,
Chicken fried rice,12,13,1.8,99,1.3,797,169,28,139,59,0.3,0.42,,0.2,36,0.1,4,,,,
Egg roll,5,6,1.2,35,0.8,249,121,9,53,17,0.1,0.19,,0.13,14,0.2,2,,,,
General Tao/Tso chicken,50,62,11,163,2.2,1285,476,47,340,38,0.5,0.56,0,0.32,39,0.1,11,,,,
Hot and sour soup,17,8,2.8,36,1.8,1596,383,20,192,2,0.6,0.45,0,0.25,45,0.3,1,,,,
Sweet and sour chicken balls,9,10,2.7,46,1,390,90,13,23,18,0.1,0.17,0,0.12,24,0.1,1,,,,
Won ton soup,15,7,2.4,53,1.8,810,339,23,159,74,0.3,0.49,0,0.27,37,0.4,2,,,,
Pizza with cheese (medium - 12 inches),9,8,3.4,14,2,515,180,19,161,32,0.1,0.13,2.2,0.25,171,0.2,4,,,,
Pizza with cheese and pepperoni (medium - 12 inches),11,9,4.2,21,1.7,340,157,18,182,37,0.1,0.2,2,0.27,187,0.2,2,,,,
Pizza with cheese and vegetables (medium - 12 inches),8,7,3,12,1.9,482,201,19,147,31,0.1,0.11,1.9,0.24,154,0.2,11,,,,
"Pizza with cheese, meat and vegetables (medium - 12 inches)",11,12,4.8,24,2.1,629,237,21,168,31,0.2,0.24,2,0.26,159,0.2,11,,,,
"Chicken, breaded and fried (pieces)",22,17,4.6,85,1.3,286,181,20,151,0,0,0.27,,0.19,20,0.1,0,,,,
"Chicken, breaded and fried, boneless (nuggets)",15,18,3.9,53,0.8,551,251,24,277,5,,0.32,,0.2,13,0.1,1,,,,
Chili con carne,26,9,3.6,142,5.5,1064,730,48,209,88,0.4,1.2,,1.2,72,0.1,2,,,,
Corndog (PogoTM),17,19,5.2,79,6.2,973,263,18,166,60,1.2,0.44,,0.7,102,0.3,0,,,,
"Hot-dog, plain",10,15,5.1,44,2.3,670,143,13,97,0,0.6,0.51,,0.27,24,0.2,,,,,
"Beef or chicken, broth/bouillon",3,1,0.3,0,0.4,827,137,5,33,0,,0.18,,,15,,0,,,,
"Chicken noodle, chunky, READY-TO-SERVE",13,6,1.5,20,1.5,898,114,10,76,71,,0.33,,,25,,0,,,,
"Chicken noodle, low fat, reduced salt, READY-TO-SERVE",9,2,1,13,0,501,,,,,,,,,21,,0,,,,
"Clam chowder, Manhattan, READY-TO-SERVE",8,4,2.2,15,2.8,1057,406,20,89,178,,8.37,,,71,,13,,,,
"Minestrone, chunky, READY-TO-SERVE",5,3,1.6,5,1.9,913,647,15,117,226,,0,,,63,,5,,,,
"Split pea with ham, chunky, READY-TO-SERVE",12,4,1.7,8,2.3,1019,322,41,188,259,,0.25,,,36,,7,,,,
"Beef noodle, READY-TO-SERVE",5,3,1.2,5,1.2,1005,106,5,49,8,,0.21,,,15,,,,,,
"Chicken broth, READY-TO-SERVE",5,1,0.4,0,0.5,806,218,3,76,0,,0.25,,,10,,0,,,,
"Chicken noodle, READY-TO-SERVE",4,3,0.7,8,0.8,1169,59,5,38,38,,0.15,,,18,,,,,,
"Cream of mushroom, READY-TO-SERVE",2,9,2.6,3,0.5,931,106,5,52,15,,0.05,,,49,,1,,,,
"Tomato soup, READY-TO-SERVE",2,2,0.4,0,1.9,735,278,8,36,26,,0,,,13,,3,,,,
"Tomato soup, reduced salt, READY-TO-SERVE",2,2,0.4,0,1.9,52,278,8,36,44,,0,,,13,,70,,,,
"Clam chowder, New England, CONDENSED, DILUTED WITH 2% MILK",10,5,1.9,16,1.6,1051,320,26,168,71,,10.85,,,202,,4,,,,
"Cream of chicken, CONDENSED, DILUTED WITH 2% MILK",8,10,3.7,21,0.7,1108,293,21,162,86,,0.58,,,194,,1,,,,
"Cream of mushroom, CONDENSED, DILUTED WITH 2% MILK",6,13,4.2,10,0.6,983,288,24,168,86,,0.52,,,191,,2,,,,
"Cream of mushroom, reduced salt, CONDENSED, DILUTED WITH 2% MILK",6,5,2.4,14,0.7,562,691,21,189,74,,0.5,,,168,,,,,,
"Cream of tomato, CONDENSED, DILUTED WITH 2% MILK",6,5,1.9,10,1.9,802,480,26,160,69,,0.47,,,173,,4,,,,
"Chicken noodle, dehydrated",2,1,0.3,10,0.5,581,33,8,30,3,,0.05,,,5,,0,,,,
"Minestrone, dehydrated",5,2,0.9,3,1.1,1084,360,8,64,16,,0,,,40,,1,,,,
"Onion soup, dehydrated",1,1,0.1,0,0.2,897,68,5,31,0,,0,,,13,,,,,,
"Ramen noodles, chicken flavour, cooked",3,8,3.5,0,1.2,792,,,,72,,,,,,,0,,,,
"Tomato soup, dehydrated",2,1,0.4,0,0.6,1154,104,20,31,10,,0,,,8,,6,,,,
"Chicken noodle, homemade",19,3,0.7,64,1.1,336,302,30,168,136,,0.22,,,26,,3,,,,
"Cream of vegetable, homemade",5,2,0.7,2,0.6,586,287,11,95,99,,0.31,,,53,,3,,,,
"French onion soup, homemade",10,6,2.9,13,1.5,904,204,25,157,30,,0.58,,,159,,2,,,,
"Lentil soup, homemade",12,5,0.4,0,3.3,654,365,41,171,45,,0,,,41,,6,,,,
"Split pea with ham soup, homemade",13,2,0.6,7,1.9,312,437,50,176,56,,0.04,,,39,,2,,,,
Air-popped popcorn,1,,,0,0.2,,25,11,25,1,,0,,,1,,0,,,,
Caramel-coated popcorn,1,5,1.3,2,0.6,77,41,13,31,1,,,,,16,,0,,,,
"Microwave, low fat and reduced salt popcorn",1,1,0.1,0,0.2,39,19,12,21,,,0,,,1,,0,,,,
"Oil-popped, regular and microwaved popcorn",1,3,0.6,0,0.3,103,26,13,29,1,,0,,,1,,,,,,
"Corn-based puffs or twists, cheese (CheesiesTM)",3,13,2.4,1,0.9,388,61,7,40,2,,0.05,,,21,,,,,,
"Potato chips made from dried potatoes, plain (PringlesTM)",2,11,2.6,0,0.4,184,282,16,44,0,,0,,,7,,2,,,,
"Potato chips, baked, plain",2,8,1.1,0,0.3,394,310,18,118,0,,0,,,54,,0,,,,
"Potato chips, flavoured",3,14,3.5,0,0.8,323,542,32,80,5,,0,,,22,,15,,,,
"Potato chips, plain",3,15,1.8,0,0.7,229,571,30,65,0,,0,,,9,,25,,,,
"Tortilla chips, nacho flavoured (DoritosTM)",4,13,2.5,2,0.7,354,108,41,122,12,,0,,,74,,1,,,,
"Tortilla chips, plain",3,12,2.3,0,0.7,247,92,41,96,2,,0,,,72,,0,,,,
Banana chips,,5,4.1,0,0.2,1,75,11,8,1,,0,,,3,,1,,,,
Beef jerky (22cm long),7,5,2.1,10,1.1,438,118,10,81,0,,0.2,,,4,,0,,,,
Beer nuts,8,14,2,0,0.6,2,203,54,152,0,,0,,,26,,,,,,
Bits and bites snack bites (Bits & BitesTM),4,4,1,1,2.6,263,92,24,71,2,,0.03,,,18,,,,,,
Fruit leather bar (Fruit to GoTM),,1,0.6,0,0.1,11,19,3,8,1,,0,,,4,,1,,,,
"Pretzels, hard, plain, salted",,,,0,0.2,86,7,2,6,0,,0,,,2,,0,,,,
"Pretzels, hard, plain, unsalted",5,2,0.4,0,2.2,145,73,18,57,0,,0,,,18,,0,,,,
"Rice cakes, plain",1,,0.1,0,0.1,29,26,12,32,0,,0,,,1,,0,,,,
"Sesame sticks, salted",2,5,0.9,0,0.1,208,25,6,19,0,,0,,,24,,0,,,,
"Soybeans, roasted, salted",15,11,1.6,0,1.7,71,641,63,158,4,,0,,,60,,1,,,,
"Trail mix, regular",5,11,2.1,0,1.2,87,261,60,131,,,0,,,30,,1,,,,
"Trail mix, tropical",2,6,3,0,0.9,4,252,34,66,1,,0,,,20,,3,,,,
Burrito with beans and cheese,8,6,3.4,14,1.1,583,248,40,90,49,,0.45,,,107,,1,,,,
"Burrito with beef, cheese and chilli",20,12,5.2,85,3.9,1046,333,35,158,99,,1.03,,,111,,2,,,,
Nachos with cheese,9,19,7.8,18,1.3,816,172,55,276,,,0.82,,,272,,1,,,,
Quesadilla with meat,31,38,17.3,95,3.9,1265,319,44,457,167,,1.03,,,442,,6,,,,
Taco salad,12,11,4.1,35,1.3,452,275,29,138,40,,0.58,,,92,,4,,,,
"Taco with beef, cheese, salsa + vegetables",9,9,5.2,26,1.1,366,216,32,93,,,0.48,,,101,,1,,,,
Club sandwich,32,26,5.8,76,4.5,1152,480,47,347,43,,0.48,,,152,,6,,,,
Hot chicken sandwich,40,10,3,89,4.7,1344,519,43,327,0,,0.54,,,109,,0,,,,
"Sandwich, egg salad",14,35,6.6,335,2.9,693,155,19,187,153,,0.92,,,119,,0,,,,
"Sandwich, ham",13,10,2.6,32,2.5,1132,229,25,139,49,,0.24,,,92,,3,,,,
"Sandwich, roast beef, plain",22,14,3.6,51,4.2,792,316,31,239,11,,1.22,,,54,,2,,,,
"Sandwich, salmon salad",16,16,2.9,27,2.5,818,271,31,257,27,,2.45,,,222,,1,,,,
"Sandwich, tuna salad",20,18,2.9,15,2.9,745,220,32,233,30,,1.25,,,93,,1,,,,
Caesar salad,9,29,3.7,54,2.4,644,496,33,146,498,,0.42,,,141,,42,,,,
Caesar salad with chicken,41,31,4.3,137,2.9,718,890,61,146,504,,0.76,,,147,,42,,,,
Garden Salad,1,4,0.6,0,0.3,216,135,6,16,48,,0,,,13,,4,,,,
Greek Salad,4,13,3.9,19,0.6,315,130,12,85,43,,0.36,,,121,,11,,,,
Pasta salad with vegetables,5,10,1.6,0,1.8,1273,173,25,69,98,,0,,,27,,10,,,,
Lasagna with meat (7.5cm x 9cm),22,14,7.4,50,3.2,623,428,46,280,83,,0.65,,,251,,11,,,,
"Lasagna, vegetarian (7.5cm x 9cm)",19,11,6.6,38,3.2,737,423,49,290,102,,0.21,,,304,,13,,,,
Macaroni and cheese (Kraft DinnerTM),11,17,4.1,9,2.2,784,162,36,194,165,,0.22,,,158,,,,,,
Macaroni casserole with beef and tomato soup,23,10,4,52,3.5,376,399,40,186,14,,1.3,,,31,,2,,,,
Spaghetti with cream sauce,9,2,0.9,5,2.2,111,140,34,140,33,,0.22,,,81,,,,,,
Spaghetti with meat sauce,19,14,4.5,56,4.7,1008,761,60,216,68,,0.89,,,101,,13,,,,
"Beef pot pie, commercial, individual",18,38,11.4,41,2.3,1203,293,,109,279,,,,,45,,0,,,,
Beef stew,18,4,1.6,39,2.2,604,496,33,183,132,,1.52,,,29,,9,,,,
Butter chicken,28,23,9.9,116,2.4,740,669,54,307,147,,0.44,,,125,,11,,,,
Chicken fajita,19,8,2.1,33,3.4,540,405,41,183,28,,0.09,,,52,,26,,,,
"Chicken pot pie, commercial, individual",21,29,9.5,62,3,347,349,34,195,222,,0.2,,,59,,9,,,,
Pad Thaï,15,6,0.9,68,0.9,344,258,30,56,36,,0.23,,,26,,5,,,,
Poutine,13,26,9.9,40,1.4,755,387,26,261,97,,0.38,,,282,,7,,,,
"Samosa, vegetarian",5,18,5.6,8,1.8,795,178,17,70,36,,0.06,,,33,,3,,,,
Shepherd's pie,17,17,5,41,1.9,584,766,54,213,94,,1.23,,,52,,14,,,,
Stir fry with beef,22,14,2.3,46,2.7,888,534,37,211,30,,1.77,,,45,,69,,,,
Stir fry with chicken,18,17,4,63,1.3,552,387,25,165,109,,0.19,,,27,,22,,,,
Stir fry with tofu,14,10,1.1,,1.8,493,326,36,141,72,,0.02,,,142,,20,,,,
Sushi with fish,5,,0.1,3,0.5,666,142,21,66,52,,0.11,,,20,,2,,,,
"Sushi with vegetables, no fish",2,,0.1,0,0.2,100,60,13,38,16,,,,,13,,2,,,,
Sweet and sour meatballs,26,26,10.6,95,3.3,931,409,37,243,33,,2.6,,,76,,1,,,,
"Tourtiere, homemade (20cm diam)",15,17,6.4,47,1.9,352,273,22,157,1,,0.3,,,28,,1,,,,
Brown sugar,0,0,0,0,0.1,2,16,1,1,0,,0,,,4,,0,,,,
Honey,,0,0,0,,,4,,,0,,0,,,,,,,,,
Icing sugar (powdered),0,,0,0,,,0,0,0,0,,0,,,,,0,,,,
"Sugar substitute, aspartame (EqualTM)",,0,0,0,0,0,0,0,0,0,,0,,,0,,0,,,,
"Sugar substitute, sucralose (SplendaTM)",0,0,0,0,0,0,0,0,0,0,,0,,,0,,0,,,,
White sugar (granulated),0,0,0,0,0,0,0,0,0,0,,0,,,,,0,,,,
"Chocolate syrup, thin type",1,,0.2,0,0.8,28,89,26,51,,,0,,,6,,,,,,
Corn syrup,0,0,0,0,0.1,32,9,2,2,0,,0,,,4,,0,,,,
Maple syrup,0,,,0,0.2,2,46,4,,0,,0,,,22,,0,,,,
Molasses,0,,,0,1,8,311,51,7,0,,0,,,44,,0,,,,
Pancake syrup,0,0,0,0,,16,3,,2,0,,0,,,1,,0,,,,
Double fruit jam type spread,,,0,0,0.1,6,,,,,,,,,2,,,,,,
"Double fruit jam type spread, reduced sugar",,,0,0,0.1,3,,,,,,,,,3,,,,,,
Jams and preserves,,,,0,0.1,6,16,1,4,,,0,,,4,,2,,,,
Jelly,,,,0,,6,11,1,1,0,,0,,,1,,,,,,
Marmalade,,0,0,0,,11,7,,1,1,,0,,,8,,1,,,,
"Chocolate topping, fudge-type",2,3,1.5,1,0.6,133,174,25,65,2,,0.11,,,39,,,,,,
"Pie filling, cherry, canned",,,,0,0.1,5,26,2,4,3,,0,,,3,,1,,,,
"Spread, chocolate hazelnut (NutellaTM)",,2,0.4,0,0.3,3,27,4,10,,,0.02,,,7,,0,,,,
"Topping or spread, butterscotch",1,,,,0.1,145,35,3,20,11,,0.04,,,22,,,,,,
"Topping, strawberry",,,,0,0.1,9,22,2,2,,,0,,,3,,6,,,,
Butterscotch,,,0.1,,,21,0,,,1,,0,,,,,0,,,,
"Candy, chocolate covered, sweetened with sorbitol",1,2,1.1,1,0.1,5,30,5,17,3,,0.04,,,15,,,,,,
Caramel,2,3,2.7,3,0.1,99,86,7,46,,,0,,,56,,,,,,
Chewing gum,0,,,0,0,,0,0,0,0,,0,,,0,,0,,,,
"Chewing gum, sugarless",0,,,0,0,,0,0,0,0,,0,,,,,0,,,,
Fruit leather,,,0.1,0,0.1,44,41,3,4,1,,0,,,4,,17,,,,
"Fudge, chocolate, homemade",,2,1,2,0.3,8,22,6,12,7,,0.02,,,8,,0,,,,
"Fudge, vanilla, homemade",,1,0.6,3,,11,10,1,6,10,,0.02,,,7,,0,,,,
Gumdrops,0,0,0,0,0.1,16,2,,,0,,0,,,1,,0,,,,
Hard candy,0,,0,0,,2,0,,,0,,0,,,,,0,,,,
"Hard candy, reduced sugar",0,0,0,0,0,0,0,0,0,0,,0,,,0,,0,,,,
Jellybeans,0,,0,0,,14,10,1,1,0,,0,,,1,,0,,,,
"Licorice, strawberry (TwizzlersTM)",1,1,0,0,0.2,108,,,,0,,0,,,0,,0,,,,
Marshmallows,,,,0,,6,0,,1,0,,0,,,,,0,,,,
Sesame crunch,4,12,1.6,0,1.5,58,113,88,148,0,,0,,,229,,,,,,
SkittlesTM,,,0.1,0,,2,1,,,0,,0,,,0,,7,,,,
Toffee,,4,2.5,12,,16,6,,4,38,,0.01,,,4,,,,,,
"Almonds, chocolate covered",4,12,4.8,4,0.8,16,,,,0,,,,,64,,0,,,,
"Caramel coated cookies, chocolate covered (TwixTM)",3,14,5.2,3,0.5,112,110,19,63,13,,0.17,,,52,,,,,,
"Caramel with nuts, chocolate covered (TurtlesTM)",3,6,1.3,0,0.5,7,125,23,46,12,,0,,,22,,,,,,
"Caramel, chocolate covered (RoloTM, CaramilkTM)",3,11,7.5,6,0.2,98,98,0,37,18,,0.14,,,75,,,,,,
"Chocolate covered wafer (Kit KatTM, Coffee CrispTM)",3,11,7.5,5,0.4,23,97,16,57,10,,0.24,,,53,,0,,,,
"Chocolate malt-nougat and caramel, chocolate covered (MarsTM)",3,9,4.5,8,0.4,139,140,20,84,10,,0.19,,,75,,1,,,,
"Chocolate, candy coated (M&M'STM , SmartiesTM)",7,33,20.5,21,1.7,97,416,65,236,55,,0.41,,,165,,1,,,,
"Chocolate, semisweet, bars or chips",2,13,7.6,0,1.3,5,156,49,56,0,,0,,,14,,0,,,,
"Coconut candy, chocolate covered (BountyTM, Almond JoyTM)",2,13,8.6,2,0.6,70,124,,55,,,,,,31,,,,,,
"Fondant, chocolate covered (After EightTM)",,2,1.3,0,0.3,2,,,,,,,,,4,,0,,,,
"Fudge, caramel and nuts, chocolate covered (Oh Henry!TM)",5,14,4.2,6,0.4,144,203,32,88,6,,0.13,,,51,,,,,,
Milk chocolate and crisped rice (Nestle CrunchTM),2,11,6.1,5,0.2,53,138,23,81,8,,0.15,,,68,,,,,,
"Milk chocolate, bars or chips",4,15,7.1,12,1.2,40,186,32,104,25,,0.31,,,95,,0,,,,
Peanut butter cups (Reese'sTM),5,16,5.5,3,0.6,160,175,32,82,9,,0.29,,,40,,,,,,
"Peanuts, chocolate covered",5,13,5.8,4,0.5,16,201,38,85,14,,0.18,,,42,,0,,,,
"Raisins, chocolate covered (GlosetteTM)",,1,0.9,,0.2,4,51,5,14,2,,0.02,,,9,,,,,,
"Toffee, chocolate covered (SkorTM)",1,13,7.3,21,0.2,124,60,4,24,60,,,,,51,,,,,,
Chocolate ice milk bar (FudgesicleTM),3,,0.2,2,0.5,48,,,,,,,,,81,,1,,,,
"Frozen yogourt, chocolate",3,3,2.1,12,0.4,57,213,23,81,36,,0.06,,,91,,6,,,,
"Frozen yogourt, vanilla, soft serve",3,4,2.6,2,0.2,66,161,11,98,45,,0.22,,,109,,1,,,,
Fruit and juice bar,1,,0,0,0.1,3,41,3,5,1,,0,,,4,,7,,,,
"Ice cream cone, vanilla, chocolate covered, with nuts",5,14,5.4,25,0.8,54,208,42,117,68,,0.23,,,105,,,,,,
"Ice cream cone, vanilla, soft serve",7,7,4.3,39,0.5,116,305,22,154,90,,0.67,,,232,,2,,,,
Ice cream sandwich,3,6,3.2,20,0.6,36,122,13,63,53,,0.18,,,60,,,,,,
"Ice cream, chocolate",3,8,4.7,24,0.6,53,174,20,75,82,,0.2,,,76,,,,,,
"Ice cream, dairy free",4,16,2,0,1.2,216,64,19,59,,,0,,,36,,,,,,
"Ice cream, strawberry",2,6,3.6,20,0.1,42,131,10,70,67,,0.21,,,84,,5,,,,
"Ice cream, vanilla, low fat",5,2,1.5,11,0.1,65,205,13,113,27,,0.46,,,146,,1,,,,
"Ice cream, vanilla, low fat, aspartame sweetened",3,5,2.8,19,0.1,66,135,6,52,1,,0.36,,,93,,1,,,,
"Ice cream, vanilla, premium",4,18,11.7,104,0.4,69,178,12,119,206,,0.44,,,132,,0,,,,
"Ice cream, vanilla, regular",3,8,5.2,33,0.1,61,151,11,80,90,,0.3,,,97,,,,,,
Popsicles,0,0,0,0,0,9,3,1,0,0,,0,,,0,,0,,,,
"Sherbet, orange",1,2,0.9,0,0.1,36,75,6,31,8,,0.09,,,42,,5,,,,
"Soft serve ice cream with OreoTM cookies (BlizzardTM, McFlurryTM)",13,20,10.5,63,4.7,368,564,52,279,148,,1.12,,,386,,3,,,,
"Chocolate mousse, homemade",9,34,19.5,299,1.2,81,305,43,250,299,,1,,,205,,,,,,
"Gelatin dessert, calorie-reduced, prepared (JelloTM)",1,0,0,0,,59,1,1,84,0,,0,,,4,,0,,,,
"Gelatin dessert, prepared (JelloTM)",2,0,0,0,,107,1,1,31,0,,0,,,4,,0,,,,
Meatless breaded chicken nuggets,15,9,0.8,,2.8,288,216,9,176,,,3.68,1.4,,30,,,,,,
Meatless ground beef,16,7,1.1,,1.6,413,135,14,258,,,1.8,1.3,,22,,,,,,
Soy patty,15,6,0.8,,1.5,385,126,13,241,,,1.68,1.2,,20,,,,,,
"Tofu, regular, firm and extra firm",21,11,1.3,,2.4,26,222,56,182,,,0,,,234,,,,,,
"Tofu, silken, soft",7,4,0.5,,1.2,8,270,44,93,,,0,,,47,,,,,,
Vegetable patty,18,4,1,,3.9,411,432,70,225,,,0,,,102,,,,,,
Vegetarian luncheon meat,10,6,0.7,,1,398,112,13,248,,,2.24,1.7,,23,,,,,,
"Wiener, meatless",14,10,1.4,,1,330,69,13,241,,,1.65,1.3,,23,,,,,,
"Beans, baked, homemade",10,10,3.6,,3.7,790,670,80,204,,,0,,,114,,,,,,
"Beans, baked, plain or vegetarian, canned",9,1,0.2,,2.2,633,408,49,135,,,0,0.3,,64,,,,,,
"Beans, baked, with pork, canned",10,3,1.1,,3.2,775,578,64,202,,,0,,,99,,,,,,
"Beans, black, canned, not drained",11,1,0.1,,3.4,682,547,62,192,,,0,1.3,,62,,,,,,
"Beans, kidney, dark red, canned, not drained",10,1,0.1,,2.4,646,487,53,178,,,0,1.1,,45,,,,,,
"Beans, navy, canned, not drained",15,1,0.2,,3.6,868,558,91,260,,,0,1.5,,91,,,,,,
"Beans, pinto, canned, not drained",9,1,0.3,,2.6,522,431,48,163,,,0,1.1,,76,,,,,,
"Beans, refried, canned",10,2,0.9,,3.1,557,498,62,160,,,0,,,65,,,,,,
"Beans, white, canned, not drained",14,1,0.1,,5.8,315,880,99,176,,,0,1.6,,141,,,,,,
"Black-eyed peas, canned, not drained",8,1,0.3,,1.7,531,305,50,124,,,0,0.5,,36,,,,,,
"Chickpeas (garbanzo beans), canned, not drained",9,2,0.2,,2.4,531,305,51,160,,,0,0.3,,57,,,,,,
"Falafel, homemade",2,3,0.4,,0.6,50,99,14,33,,,0,,,9,,,,,,
"Hummus, commercial",4,5,0.8,,1.4,215,129,40,100,,,0,,,22,,,,,,
"Lentils, boiled, salted",13,1,0.1,,4.9,349,540,53,264,,,0,,,28,,,,,,
"Lentils, pink, boiled",14,1,0.2,,4.1,4,317,39,161,,,0,,,22,,,,,,
"Peas, split, boiled",12,1,0.1,,1.9,3,525,52,144,,,0,,,20,,,,,,
"Soybeans, boiled",21,11,1.7,,6.5,1,655,109,312,,,0,,,130,,,,,,
"Peanut butter, chunk type, fat, sugar and salt added",8,16,2.6,,0.6,158,242,52,103,,,0,2,,15,,,,,,
"Peanut butter, natural",7,16,2.2,,0.7,2,207,55,113,,,0,2.2,,17,,,,,,
"Peanut butter, smooth type, fat, sugar and salt added",8,16,3.3,,0.6,149,210,50,116,,,0,2.9,,14,,,,,,
"Peanut butter, smooth type, light",9,12,2.7,,0.7,197,244,62,135,,,0,2.4,,13,,,,,,
"Peanuts, all types, shelled, oil-roasted, salted",10,19,3.2,,0.6,117,265,64,145,,,0,2.5,,22,,,,,,
"Peanuts, all types, shelled, roasted",9,18,2.6,,0.8,2,244,65,133,,,0,2.6,,20,,,,,,
"Almonds, dried",8,18,1.4,,1.5,,262,99,171,,,0,9.3,,89,,,,,,
"Almonds, oil roasted",8,22,1.7,,1.5,,278,109,186,,,0,10.3,,116,,,,,,
"Almonds, roasted, salted",8,18,1.4,,1.6,119,261,100,171,,,0,9.1,,93,,,,,,
"Brazil nuts, dried",5,24,5.4,,0.9,1,234,133,257,,,0,2,,57,,,,,,
"Cashews, roasted, salted",5,16,3.2,,2.1,222,196,90,170,,,0,0.3,,16,,,,,,
"Hazelnuts or filberts, dried",5,21,1.5,,1.6,0,233,56,99,,,0,5.2,,39,,,,,,
"Mixed nuts, oil roasted, salted",6,20,3.1,,1.2,151,209,85,167,,,0,2.6,,39,,,,,,
"Mixed nuts, roasted",6,18,2.4,,1.3,4,207,78,151,,,0,,,24,,,,,,
"Mixed nuts, roasted, salted",6,18,2.4,,1.3,232,207,78,151,,,0,3.8,,24,,,,,,
"Nuts, macadamia, roasted, salted",3,26,4.1,,0.9,90,123,40,67,,,0,0.2,,24,,,,,,
"Pecans, dried",2,18,1.6,,0.6,0,103,30,70,,,0,0.4,,18,,,,,,
"Pine nuts, pignolia, dried",5,23,1.7,,1.9,1,204,86,197,,,0,3.2,,5,,,,,,
"Pistachios, shelled, roasted, salted",7,14,1.7,,1.3,126,325,37,151,,,0,0.6,,34,,,,,,
"Walnuts, dried",4,17,1.6,,0.7,1,112,40,88,,,0,0.2,,25,,,,,,
Almond butter,5,19,1.8,,1.2,4,246,98,170,,,0,,,88,,,,,,
Cashew butter,6,16,3.2,,1.6,5,177,84,148,,,0,0.5,,14,,,,,,
"Sesame butter, tahini",5,16,2.3,,2.7,35,126,29,223,,,0,0.1,,130,,,,,,
"Flaxseeds, whole and ground",2,4,0.4,,0.5,3,89,39,53,,,0,,,36,,,,,,
"Pumpkin and squash seeds, kernels, dried",9,16,3,,5.2,6,282,187,411,,,0,,,15,,,,,,
"Sunflower seed kernels, roasted, salted",6,16,1.7,,1.2,133,276,42,375,,,0,8.5,,23,,,,,,
